Timestamp,pemasukan,pekerjaan,uang kuota,merk,kuota Game,kuota Email,kuota lain,uang lebih baik,panik tagihan,keuangan resah,uang tersisa habis
2019/09/27 1:24:14 PM GMT+7,Rp 5.000.001 - Rp 10.000.000,PNS / BUMN / Pegawai Pemerintah,Rp 200.001 - Rp 500.000,Samsung,5,3,5,3,3,3,1
2019/09/27 3:28:09 PM GMT+7,Rp 3.000.001 - Rp 5.000.000,Karyawan Swasta,Rp 50.001 - Rp 100.000,Oppo,2,1,4,4,4,2,4
2019/09/27 3:30:29 PM GMT+7,Rp 3.000.001 - Rp 5.000.000,PNS / BUMN / Pegawai Pemerintah,Rp 50.001 - Rp 100.000,Samsung,1,1,5,2,1,1,5
2019/09/27 3:37:56 PM GMT+7,> Rp 10.000.001,Karyawan Swasta,Rp 50.001 - Rp 100.000,Oppo,2,1,4,3,3,2,1
2019/09/27 3:39:53 PM GMT+7,Rp 5.000.001 - Rp 10.000.000,PNS / BUMN / Pegawai Pemerintah,Rp 200.001 - Rp 500.000,Samsung,1,5,5,5,1,1,1
2019/09/27 3:55:30 PM GMT+7,Rp 3.000.001 - Rp 5.000.000,Karyawan Swasta,Rp 100.001 - Rp 200.000,Samsung,3,2,5,3,3,3,1
2019/09/27 3:58:23 PM GMT+7,Rp 1.000.001 - Rp 2.000.000,Ibu Rumah Tangga,Rp 50.001 - Rp 100.000,Samsung,1,1,3,2,2,2,1
2019/09/27 4:00:49 PM GMT+7,Rp 5.000.001 - Rp 10.000.000,PNS / BUMN / Pegawai Pemerintah,Rp 100.001 - Rp 200.000,Samsung,2,3,4,2,2,3,1
2019/09/27 4:04:25 PM GMT+7,Rp 5.000.001 - Rp 10.000.000,PNS / BUMN / Pegawai Pemerintah,Rp 50.001 - Rp 100.000,Samsung,3,1,3,3,1,1,1
2019/09/27 4:11:55 PM GMT+7,> Rp 10.000.001,Karyawan Swasta,Rp 200.001 - Rp 500.000,Selain di atas,2,2,3,2,1,2,2
2019/09/27 4:23:07 PM GMT+7,Rp 5.000.001 - Rp 10.000.000,Guru atau dosen,Rp 50.001 - Rp 100.000,Asus,1,1,5,5,3,2,1
2019/09/27 4:24:27 PM GMT+7,Rp 5.000.001 - Rp 10.000.000,PNS / BUMN / Pegawai Pemerintah,Rp 200.001 - Rp 500.000,Samsung,1,3,5,1,3,1,1
2019/09/27 4:25:58 PM GMT+7,Rp 3.000.001 - Rp 5.000.000,Guru atau dosen,Rp 200.001 - Rp 500.000,Asus,1,3,5,1,1,1,1
2019/09/27 4:26:25 PM GMT+7,Rp 3.000.001 - Rp 5.000.000,Pelajar,Rp 50.001 - Rp 100.000,LG,3,1,5,4,2,2,3
2019/09/27 4:26:26 PM GMT+7,Rp 5.000.001 - Rp 10.000.000,Pekerja Medis (Dokter / Bidan / Apoteker / Perawat),Rp 200.001 - Rp 500.000,Vivo,1,1,2,4,3,3,1
2019/09/27 4:26:26 PM GMT+7,Rp 3.000.001 - Rp 5.000.000,Pekerja Medis (Dokter / Bidan / Apoteker / Perawat),Rp 100.001 - Rp 200.000,Samsung,2,1,4,4,2,4,2
2019/09/27 4:26:54 PM GMT+7,Rp 3.000.001 - Rp 5.000.000,Karyawan Swasta,Rp 50.001 - Rp 100.000,Asus,3,2,4,4,2,5,1
2019/09/27 4:28:25 PM GMT+7,< Rp 1.000.000,Ibu Rumah Tangga,Rp 50.001 - Rp 100.000,Nokia,2,3,3,4,3,3,1
2019/09/27 4:30:45 PM GMT+7,Rp 2.000.001 - Rp 3.000.000,Karyawan Swasta,Rp 50.001 - Rp 100.000,Asus,4,1,2,4,3,3,1
2019/09/27 4:31:23 PM GMT+7,Rp 5.000.001 - Rp 10.000.000,PNS / BUMN / Pegawai Pemerintah,Rp 100.001 - Rp 200.000,Samsung,1,4,5,2,1,1,1
2019/09/27 4:31:44 PM GMT+7,> Rp 10.000.001,Buruh,> Rp 500.001,Selain di atas,5,1,5,1,5,1,5
2019/09/27 4:32:19 PM GMT+7,> Rp 10.000.001,Buruh,> Rp 500.001,Selain di atas,1,5,1,5,1,5,1
2019/09/27 4:32:36 PM GMT+7,Rp 5.000.001 - Rp 10.000.000,Karyawan Swasta,Rp 200.001 - Rp 500.000,Samsung,1,2,4,5,2,3,1
2019/09/27 4:32:52 PM GMT+7,> Rp 10.000.001,Sopir,> Rp 500.001,Selain di atas,1,5,1,5,1,5,1
2019/09/27 4:33:56 PM GMT+7,Rp 3.000.001 - Rp 5.000.000,Ibu Rumah Tangga,Rp 200.001 - Rp 500.000,Oppo,1,2,4,3,2,2,4
2019/09/27 4:35:23 PM GMT+7,Rp 3.000.001 - Rp 5.000.000,Karyawan Swasta,Rp 50.001 - Rp 100.000,Lenovo,1,2,4,3,2,3,2
2019/09/27 4:35:44 PM GMT+7,Rp 2.000.001 - Rp 3.000.000,Ibu Rumah Tangga,Rp 100.001 - Rp 200.000,iPhone,1,1,4,3,3,3,1
2019/09/27 4:36:12 PM GMT+7,Rp 3.000.001 - Rp 5.000.000,Karyawan Swasta,Rp 50.001 - Rp 100.000,Xiaomi,1,1,3,3,3,3,4
2019/09/27 4:37:39 PM GMT+7,Rp 2.000.001 - Rp 3.000.000,Karyawan Swasta,Rp 50.001 - Rp 100.000,Oppo,2,3,3,3,3,1,1
2019/09/27 4:37:40 PM GMT+7,< Rp 1.000.000,Pekerja Lepas / Freelancer,Rp 100.001 - Rp 200.000,Vivo,1,2,5,1,3,2,4
2019/09/27 4:38:16 PM GMT+7,Rp 3.000.001 - Rp 5.000.000,Karyawan Swasta,Rp 50.001 - Rp 100.000,iPhone,1,2,5,4,1,1,2
2019/09/27 4:39:44 PM GMT+7,> Rp 10.000.001,Karyawan Swasta,Rp 50.001 - Rp 100.000,Xiaomi,1,2,5,1,1,1,1
2019/09/27 4:39:51 PM GMT+7,Rp 3.000.001 - Rp 5.000.000,Karyawan Swasta,Rp 200.001 - Rp 500.000,Oppo,1,3,5,4,2,3,4
2019/09/27 4:40:49 PM GMT+7,Rp 3.000.001 - Rp 5.000.000,Ibu Rumah Tangga,Rp 100.001 - Rp 200.000,Oppo,5,3,3,5,3,3,5
2019/09/27 4:40:57 PM GMT+7,Rp 3.000.001 - Rp 5.000.000,Karyawan Swasta,Rp 50.001 - Rp 100.000,Xiaomi,1,3,1,1,2,5,1
2019/09/27 4:41:12 PM GMT+7,Rp 2.000.001 - Rp 3.000.000,Karyawan Swasta,Rp 50.001 - Rp 100.000,Samsung,3,5,5,5,5,5,1
2019/09/27 4:41:49 PM GMT+7,Rp 5.000.001 - Rp 10.000.000,Karyawan Swasta,Rp 50.001 - Rp 100.000,Samsung,2,3,5,4,2,3,1
2019/09/27 4:43:35 PM GMT+7,Rp 2.000.001 - Rp 3.000.000,Pelajar,Rp 50.001 - Rp 100.000,Samsung,1,3,4,3,3,3,2
2019/09/27 4:43:45 PM GMT+7,Rp 5.000.001 - Rp 10.000.000,PNS / BUMN / Pegawai Pemerintah,Rp 200.001 - Rp 500.000,iPhone,1,3,5,4,3,4,1
2019/09/27 4:44:26 PM GMT+7,Rp 1.000.001 - Rp 2.000.000,Guru atau dosen,0 - Rp 50.000,Oppo,1,1,1,3,2,2,2
2019/09/27 4:44:41 PM GMT+7,> Rp 10.000.001,PNS / BUMN / Pegawai Pemerintah,Rp 50.001 - Rp 100.000,Huawei,2,3,5,5,3,2,2
2019/09/27 4:44:51 PM GMT+7,Rp 3.000.001 - Rp 5.000.000,Karyawan Swasta,Rp 50.001 - Rp 100.000,Oppo,1,3,4,4,3,2,1
2019/09/27 4:47:03 PM GMT+7,> Rp 10.000.001,Karyawan Swasta,Rp 100.001 - Rp 200.000,Oppo,1,2,3,4,2,4,3
2019/09/27 4:48:03 PM GMT+7,Rp 2.000.001 - Rp 3.000.000,Karyawan Swasta,Rp 50.001 - Rp 100.000,Samsung,2,3,3,3,3,2,1
2019/09/27 4:48:07 PM GMT+7,< Rp 1.000.000,Pelajar,Rp 50.001 - Rp 100.000,Xiaomi,3,2,4,5,3,2,2
2019/09/27 4:48:30 PM GMT+7,> Rp 10.000.001,Karyawan Swasta,Rp 200.001 - Rp 500.000,iPhone,1,2,2,5,4,3,1
2019/09/27 4:48:53 PM GMT+7,Rp 3.000.001 - Rp 5.000.000,PNS / BUMN / Pegawai Pemerintah,Rp 100.001 - Rp 200.000,Oppo,1,3,5,4,3,3,1
2019/09/27 4:49:30 PM GMT+7,Rp 1.000.001 - Rp 2.000.000,Tidak bekerja,Rp 50.001 - Rp 100.000,Nokia,1,5,2,1,2,2,1
2019/09/27 4:51:23 PM GMT+7,Rp 5.000.001 - Rp 10.000.000,PNS / BUMN / Pegawai Pemerintah,Rp 50.001 - Rp 100.000,Samsung,2,1,2,5,3,3,1
2019/09/27 4:52:11 PM GMT+7,Rp 5.000.001 - Rp 10.000.000,Karyawan Swasta,Rp 100.001 - Rp 200.000,SONY,2,3,5,4,1,1,1
2019/09/27 4:53:23 PM GMT+7,Rp 3.000.001 - Rp 5.000.000,PNS / BUMN / Pegawai Pemerintah,Rp 50.001 - Rp 100.000,Samsung,1,1,1,5,2,2,2
2019/09/27 4:54:36 PM GMT+7,Rp 5.000.001 - Rp 10.000.000,Wiraswasta / Pedagang,Rp 100.001 - Rp 200.000,Vivo,1,2,1,3,3,3,3
2019/09/27 4:54:38 PM GMT+7,Rp 3.000.001 - Rp 5.000.000,Guru atau dosen,Rp 200.001 - Rp 500.000,Samsung,1,3,3,3,1,3,1
2019/09/27 4:56:45 PM GMT+7,Rp 5.000.001 - Rp 10.000.000,Karyawan Swasta,Rp 200.001 - Rp 500.000,Samsung,4,2,3,5,3,2,2
2019/09/27 4:57:20 PM GMT+7,Rp 3.000.001 - Rp 5.000.000,Karyawan Swasta,Rp 100.001 - Rp 200.000,Vivo,1,2,5,5,3,3,1
2019/09/27 4:57:39 PM GMT+7,Rp 3.000.001 - Rp 5.000.000,PNS / BUMN / Pegawai Pemerintah,Rp 100.001 - Rp 200.000,Xiaomi,1,2,4,3,2,2,1
2019/09/27 5:01:32 PM GMT+7,Rp 5.000.001 - Rp 10.000.000,Karyawan Swasta,Rp 50.001 - Rp 100.000,iPhone,1,2,5,5,3,4,1
2019/09/27 5:03:11 PM GMT+7,Rp 2.000.001 - Rp 3.000.000,Karyawan Swasta,Rp 100.001 - Rp 200.000,Samsung,1,5,5,5,5,5,1
2019/09/27 5:04:20 PM GMT+7,Rp 2.000.001 - Rp 3.000.000,Pekerja Lepas / Freelancer,Rp 50.001 - Rp 100.000,iPhone,4,3,4,4,3,4,2
2019/09/27 5:04:26 PM GMT+7,Rp 2.000.001 - Rp 3.000.000,Karyawan Honorer,0 - Rp 50.000,Oppo,1,1,1,2,1,2,1
2019/09/27 5:04:37 PM GMT+7,Rp 1.000.001 - Rp 2.000.000,Ibu Rumah Tangga,Rp 50.001 - Rp 100.000,Samsung,1,1,3,3,3,2,2
2019/09/27 5:05:15 PM GMT+7,Rp 3.000.001 - Rp 5.000.000,Karyawan Swasta,Rp 100.001 - Rp 200.000,Samsung,2,3,4,3,4,5,1
2019/09/27 5:05:26 PM GMT+7,> Rp 10.000.001,Karyawan Swasta,Rp 100.001 - Rp 200.000,Samsung,1,2,4,1,1,1,1
2019/09/27 5:06:13 PM GMT+7,Rp 5.000.001 - Rp 10.000.000,PNS / BUMN / Pegawai Pemerintah,Rp 100.001 - Rp 200.000,iPhone,1,3,2,3,2,2,2
2019/09/27 5:11:22 PM GMT+7,< Rp 1.000.000,Pekerja Lepas / Freelancer,Rp 100.001 - Rp 200.000,iPhone,2,1,3,3,4,4,1
2019/09/27 5:12:03 PM GMT+7,Rp 5.000.001 - Rp 10.000.000,Karyawan Swasta,Rp 100.001 - Rp 200.000,Selain di atas,1,3,5,4,2,3,1
2019/09/27 5:12:24 PM GMT+7,Rp 3.000.001 - Rp 5.000.000,Karyawan Swasta,Rp 50.001 - Rp 100.000,Oppo,1,3,5,3,1,1,1
2019/09/27 5:13:14 PM GMT+7,> Rp 10.000.001,PNS / BUMN / Pegawai Pemerintah,Rp 100.001 - Rp 200.000,Xiaomi,1,1,5,1,3,1,1
2019/09/27 5:14:29 PM GMT+7,> Rp 10.000.001,Pekerja Medis (Dokter / Bidan / Apoteker / Perawat),Rp 50.001 - Rp 100.000,Samsung,1,1,4,3,1,1,1
2019/09/27 5:15:23 PM GMT+7,< Rp 1.000.000,Guru atau dosen,Rp 100.001 - Rp 200.000,Oppo,2,1,5,5,5,5,1
2019/09/27 5:17:48 PM GMT+7,Rp 2.000.001 - Rp 3.000.000,Karyawan Swasta,Rp 200.001 - Rp 500.000,Oppo,5,3,5,3,3,3,1
2019/09/27 5:18:13 PM GMT+7,Rp 2.000.001 - Rp 3.000.000,Pekerja Medis (Dokter / Bidan / Apoteker / Perawat),Rp 200.001 - Rp 500.000,iPhone,1,3,5,3,3,4,1
2019/09/27 5:19:12 PM GMT+7,Rp 3.000.001 - Rp 5.000.000,Wiraswasta / Pedagang,Rp 200.001 - Rp 500.000,Oppo,1,1,4,3,2,4,2
2019/09/27 5:20:04 PM GMT+7,Rp 5.000.001 - Rp 10.000.000,Karyawan Swasta,Rp 100.001 - Rp 200.000,Xiaomi,1,2,5,3,5,5,1
2019/09/27 5:20:21 PM GMT+7,< Rp 1.000.000,Pelajar,Rp 50.001 - Rp 100.000,Oppo,3,2,5,5,3,3,3
2019/09/27 5:21:05 PM GMT+7,Rp 1.000.001 - Rp 2.000.000,Guru atau dosen,Rp 50.001 - Rp 100.000,Oppo,1,1,2,1,1,2,1
2019/09/27 5:25:23 PM GMT+7,> Rp 10.000.001,Peneliti,0 - Rp 50.000,iPhone,1,1,1,5,3,3,1
2019/09/27 5:30:01 PM GMT+7,> Rp 10.000.001,Karyawan Swasta,Rp 100.001 - Rp 200.000,Samsung,1,3,4,2,1,3,1
2019/09/27 5:32:13 PM GMT+7,> Rp 10.000.001,Wiraswasta / Pedagang,Rp 100.001 - Rp 200.000,Samsung,3,3,4,5,2,5,1
2019/09/27 5:33:04 PM GMT+7,< Rp 1.000.000,Ibu Rumah Tangga,Rp 100.001 - Rp 200.000,Xiaomi,1,1,5,2,1,1,1
2019/09/27 5:37:28 PM GMT+7,Rp 1.000.001 - Rp 2.000.000,Pekerja Lepas / Freelancer,0 - Rp 50.000,Huawei,3,1,1,2,2,4,1
2019/09/27 5:37:57 PM GMT+7,> Rp 10.000.001,Karyawan Swasta,Rp 100.001 - Rp 200.000,Samsung,1,5,3,5,5,3,3
2019/09/27 5:38:24 PM GMT+7,Rp 5.000.001 - Rp 10.000.000,Wiraswasta / Pedagang,Rp 50.001 - Rp 100.000,Samsung,2,1,5,3,1,1,1
2019/09/27 5:41:06 PM GMT+7,< Rp 1.000.000,Pelajar,0 - Rp 50.000,Samsung,2,4,5,3,1,1,1
2019/09/27 5:41:54 PM GMT+7,< Rp 1.000.000,Pelajar,0 - Rp 50.000,Samsung,1,1,1,2,2,5,1
2019/09/27 5:42:24 PM GMT+7,Rp 5.000.001 - Rp 10.000.000,Karyawan Swasta,Rp 50.001 - Rp 100.000,Samsung,1,2,3,4,2,2,1
2019/09/27 5:43:17 PM GMT+7,Rp 5.000.001 - Rp 10.000.000,Karyawan Swasta,0 - Rp 50.000,Vivo,1,3,4,5,1,1,1
2019/09/27 5:43:27 PM GMT+7,Rp 5.000.001 - Rp 10.000.000,Karyawan Swasta,0 - Rp 50.000,Xiaomi,2,2,4,2,2,2,1
2019/09/27 5:43:28 PM GMT+7,Rp 3.000.001 - Rp 5.000.000,PNS / BUMN / Pegawai Pemerintah,Rp 100.001 - Rp 200.000,Samsung,1,1,5,3,2,2,1
2019/09/27 5:43:35 PM GMT+7,Rp 5.000.001 - Rp 10.000.000,PNS / BUMN / Pegawai Pemerintah,Rp 100.001 - Rp 200.000,Xiaomi,1,1,5,4,1,2,1
2019/09/27 5:43:46 PM GMT+7,Rp 5.000.001 - Rp 10.000.000,Karyawan Swasta,Rp 100.001 - Rp 200.000,iPhone,1,2,5,4,2,1,1
2019/09/27 5:43:54 PM GMT+7,Rp 5.000.001 - Rp 10.000.000,Karyawan Swasta,Rp 50.001 - Rp 100.000,iPhone,3,2,4,3,3,3,1
2019/09/27 5:44:44 PM GMT+7,< Rp 1.000.000,Guru atau dosen,0 - Rp 50.000,Samsung,5,4,3,3,3,3,3
2019/09/27 5:46:06 PM GMT+7,Rp 3.000.001 - Rp 5.000.000,Karyawan Swasta,0 - Rp 50.000,Asus,2,2,1,3,2,3,1
2019/09/27 5:47:01 PM GMT+7,< Rp 1.000.000,Pelajar,Rp 50.001 - Rp 100.000,Samsung,1,3,5,5,2,2,1
2019/09/27 5:47:11 PM GMT+7,Rp 1.000.001 - Rp 2.000.000,Karyawan Honorer,Rp 100.001 - Rp 200.000,Xiaomi,2,2,5,4,3,1,1
2019/09/27 5:47:24 PM GMT+7,Rp 1.000.001 - Rp 2.000.000,Pelajar,Rp 100.001 - Rp 200.000,Samsung,2,2,5,5,2,5,1
2019/09/27 5:49:32 PM GMT+7,> Rp 10.000.001,Karyawan Swasta,Rp 50.001 - Rp 100.000,Asus,1,1,3,4,1,2,1
2019/09/27 5:49:48 PM GMT+7,Rp 5.000.001 - Rp 10.000.000,Karyawan Swasta,Rp 100.001 - Rp 200.000,Xiaomi,4,4,5,3,4,4,1
2019/09/27 5:50:53 PM GMT+7,Rp 3.000.001 - Rp 5.000.000,Ibu Rumah Tangga,0 - Rp 50.000,Samsung,1,1,3,3,3,2,1
2019/09/27 5:51:14 PM GMT+7,Rp 3.000.001 - Rp 5.000.000,Ibu Rumah Tangga,0 - Rp 50.000,Samsung,1,1,3,3,3,2,1
2019/09/27 5:51:17 PM GMT+7,Rp 1.000.001 - Rp 2.000.000,Pelajar,Rp 50.001 - Rp 100.000,Xiaomi,1,2,2,4,1,1,1
2019/09/27 5:53:40 PM GMT+7,< Rp 1.000.000,Tidak bekerja,Rp 100.001 - Rp 200.000,Samsung,4,2,5,4,2,5,1
2019/09/27 5:53:44 PM GMT+7,Rp 3.000.001 - Rp 5.000.000,Guru atau dosen,Rp 100.001 - Rp 200.000,Xiaomi,4,4,4,1,1,1,2
2019/09/27 5:54:53 PM GMT+7,> Rp 10.000.001,PNS / BUMN / Pegawai Pemerintah,> Rp 500.001,iPhone,1,5,5,4,3,3,1
2019/09/27 5:58:23 PM GMT+7,Rp 3.000.001 - Rp 5.000.000,Ibu Rumah Tangga,Rp 100.001 - Rp 200.000,iPhone,1,4,3,3,3,3,1
2019/09/27 5:59:47 PM GMT+7,Rp 1.000.001 - Rp 2.000.000,Pelajar,0 - Rp 50.000,Samsung,1,2,5,3,1,1,1
2019/09/27 6:01:44 PM GMT+7,Rp 1.000.001 - Rp 2.000.000,Peneliti,Rp 50.001 - Rp 100.000,Oppo,3,1,5,1,5,1,3
2019/09/27 6:02:00 PM GMT+7,> Rp 10.000.001,Pekerja Medis (Dokter / Bidan / Apoteker / Perawat),Rp 50.001 - Rp 100.000,Samsung,2,3,4,5,3,2,1
2019/09/27 6:06:29 PM GMT+7,Rp 1.000.001 - Rp 2.000.000,Pelajar,Rp 100.001 - Rp 200.000,iPhone,3,2,5,4,4,3,2
2019/09/27 6:08:57 PM GMT+7,< Rp 1.000.000,Ibu Rumah Tangga,Rp 200.001 - Rp 500.000,iPhone,3,1,5,5,2,5,1
2019/09/27 6:10:13 PM GMT+7,< Rp 1.000.000,Pelajar,Rp 50.001 - Rp 100.000,Samsung,1,2,5,3,3,3,1
2019/09/27 6:10:36 PM GMT+7,Rp 1.000.001 - Rp 2.000.000,Karyawan Honorer,Rp 50.001 - Rp 100.000,iPhone,2,4,5,5,5,5,4
2019/09/27 6:11:19 PM GMT+7,Rp 3.000.001 - Rp 5.000.000,PNS / BUMN / Pegawai Pemerintah,Rp 100.001 - Rp 200.000,Samsung,1,3,1,1,1,1,1
2019/09/27 6:11:31 PM GMT+7,Rp 2.000.001 - Rp 3.000.000,Karyawan Swasta,Rp 100.001 - Rp 200.000,Samsung,1,1,4,3,1,1,1
2019/09/27 6:12:26 PM GMT+7,< Rp 1.000.000,Pelajar,Rp 50.001 - Rp 100.000,Samsung,1,1,5,3,3,3,1
2019/09/27 6:12:50 PM GMT+7,< Rp 1.000.000,Pelajar,Rp 50.001 - Rp 100.000,Samsung,1,3,3,5,1,1,1
2019/09/27 6:13:04 PM GMT+7,Rp 1.000.001 - Rp 2.000.000,Guru atau dosen,0 - Rp 50.000,Oppo,1,5,2,4,4,3,1
2019/09/27 6:13:32 PM GMT+7,Rp 5.000.001 - Rp 10.000.000,Karyawan Swasta,Rp 100.001 - Rp 200.000,Xiaomi,1,2,5,5,1,1,1
2019/09/27 6:13:36 PM GMT+7,Rp 5.000.001 - Rp 10.000.000,Investor,Rp 50.001 - Rp 100.000,Xiaomi,1,3,3,1,1,1,1
2019/09/27 6:17:10 PM GMT+7,Rp 1.000.001 - Rp 2.000.000,Pelajar,Rp 100.001 - Rp 200.000,Oppo,4,1,5,1,4,5,1
2019/09/27 6:17:22 PM GMT+7,< Rp 1.000.000,Tidak bekerja,Rp 100.001 - Rp 200.000,Vivo,1,2,5,5,5,2,1
2019/09/27 6:18:16 PM GMT+7,Rp 3.000.001 - Rp 5.000.000,Karyawan Swasta,Rp 100.001 - Rp 200.000,iPhone,1,1,4,3,3,3,1
2019/09/27 6:19:34 PM GMT+7,< Rp 1.000.000,Pelajar,0 - Rp 50.000,Samsung,1,3,4,4,3,4,2
2019/09/27 6:20:06 PM GMT+7,Rp 3.000.001 - Rp 5.000.000,Guru atau dosen,0 - Rp 50.000,Samsung,1,2,3,1,1,5,1
2019/09/27 6:21:16 PM GMT+7,Rp 2.000.001 - Rp 3.000.000,Karyawan Honorer,Rp 50.001 - Rp 100.000,Oppo,1,1,1,1,1,1,1
2019/09/27 6:25:15 PM GMT+7,Rp 1.000.001 - Rp 2.000.000,Ibu Rumah Tangga,Rp 50.001 - Rp 100.000,Samsung,1,3,5,4,1,2,3
2019/09/27 6:25:17 PM GMT+7,< Rp 1.000.000,Pekerja Lepas / Freelancer,0 - Rp 50.000,Xiaomi,5,4,1,5,1,1,1
2019/09/27 6:27:15 PM GMT+7,Rp 5.000.001 - Rp 10.000.000,Karyawan Swasta,Rp 50.001 - Rp 100.000,Xiaomi,1,2,1,1,1,1,1
2019/09/27 6:27:38 PM GMT+7,Rp 3.000.001 - Rp 5.000.000,Karyawan Swasta,Rp 100.001 - Rp 200.000,Lenovo,3,1,4,3,2,4,1
2019/09/27 6:28:01 PM GMT+7,Rp 3.000.001 - Rp 5.000.000,Karyawan Swasta,Rp 200.001 - Rp 500.000,LG,1,1,5,3,1,1,3
2019/09/27 6:28:17 PM GMT+7,Rp 5.000.001 - Rp 10.000.000,PNS / BUMN / Pegawai Pemerintah,Rp 50.001 - Rp 100.000,Samsung,4,3,4,3,2,2,2
2019/09/27 6:29:15 PM GMT+7,Rp 5.000.001 - Rp 10.000.000,PNS / BUMN / Pegawai Pemerintah,Rp 50.001 - Rp 100.000,Samsung,4,3,4,4,2,2,2
2019/09/27 6:29:15 PM GMT+7,< Rp 1.000.000,Tidak bekerja,Rp 100.001 - Rp 200.000,Asus,1,2,3,3,3,3,4
2019/09/27 6:31:35 PM GMT+7,< Rp 1.000.000,Pelajar,0 - Rp 50.000,Vivo,1,4,4,4,3,3,2
2019/09/27 6:32:03 PM GMT+7,Rp 5.000.001 - Rp 10.000.000,PNS / BUMN / Pegawai Pemerintah,Rp 100.001 - Rp 200.000,Samsung,3,2,4,3,2,2,2
2019/09/27 6:33:04 PM GMT+7,Rp 2.000.001 - Rp 3.000.000,PNS / BUMN / Pegawai Pemerintah,Rp 100.001 - Rp 200.000,Xiaomi,1,5,5,3,1,1,1
2019/09/27 6:34:49 PM GMT+7,Rp 5.000.001 - Rp 10.000.000,PNS / BUMN / Pegawai Pemerintah,Rp 50.001 - Rp 100.000,Samsung,1,4,5,4,3,3,3
2019/09/27 6:36:17 PM GMT+7,Rp 3.000.001 - Rp 5.000.000,Karyawan Swasta,Rp 50.001 - Rp 100.000,Oppo,1,1,5,1,1,2,1
2019/09/27 6:36:52 PM GMT+7,< Rp 1.000.000,Karyawan Swasta,0 - Rp 50.000,Xiaomi,1,4,4,1,1,1,2
2019/09/27 6:37:51 PM GMT+7,Rp 1.000.001 - Rp 2.000.000,Pelajar,Rp 200.001 - Rp 500.000,iPhone,4,2,5,4,2,2,1
2019/09/27 6:39:24 PM GMT+7,< Rp 1.000.000,Pelajar,Rp 50.001 - Rp 100.000,Samsung,1,4,5,3,1,2,2
2019/09/27 6:41:08 PM GMT+7,Rp 2.000.001 - Rp 3.000.000,Guru atau dosen,Rp 50.001 - Rp 100.000,Nokia,1,2,5,1,2,5,1
2019/09/27 6:42:37 PM GMT+7,< Rp 1.000.000,Tidak bekerja,0 - Rp 50.000,Samsung,2,1,5,5,1,1,1
2019/09/27 6:45:26 PM GMT+7,Rp 5.000.001 - Rp 10.000.000,PNS / BUMN / Pegawai Pemerintah,Rp 100.001 - Rp 200.000,Huawei,4,2,4,2,2,2,1
2019/09/27 6:47:42 PM GMT+7,Rp 2.000.001 - Rp 3.000.000,Pekerja Lepas / Freelancer,0 - Rp 50.000,Xiaomi,1,4,2,1,2,4,1
2019/09/27 6:48:39 PM GMT+7,Rp 1.000.001 - Rp 2.000.000,Pelajar,Rp 50.001 - Rp 100.000,Xiaomi,2,1,5,2,2,5,1
2019/09/27 6:49:06 PM GMT+7,Rp 5.000.001 - Rp 10.000.000,Pekerja Medis (Dokter / Bidan / Apoteker / Perawat),Rp 50.001 - Rp 100.000,Asus,1,4,5,4,4,4,2
2019/09/27 6:50:03 PM GMT+7,Rp 2.000.001 - Rp 3.000.000,Karyawan Swasta,Rp 100.001 - Rp 200.000,Xiaomi,3,1,5,4,2,4,1
2019/09/27 6:51:56 PM GMT+7,Rp 2.000.001 - Rp 3.000.000,PNS / BUMN / Pegawai Pemerintah,Rp 100.001 - Rp 200.000,Xiaomi,1,1,4,1,2,1,1
2019/09/27 6:52:47 PM GMT+7,> Rp 10.000.001,Karyawan Swasta,Rp 50.001 - Rp 100.000,Samsung,1,2,1,4,1,3,1
2019/09/27 6:53:13 PM GMT+7,> Rp 10.000.001,Karyawan Swasta,Rp 50.001 - Rp 100.000,iPhone,4,4,4,2,2,2,1
2019/09/27 6:53:16 PM GMT+7,Rp 1.000.001 - Rp 2.000.000,Ibu Rumah Tangga,Rp 50.001 - Rp 100.000,Xiaomi,1,1,1,3,2,2,1
2019/09/27 6:54:41 PM GMT+7,> Rp 10.000.001,Karyawan Swasta,Rp 100.001 - Rp 200.000,Vivo,1,3,4,4,3,3,1
2019/09/27 6:55:40 PM GMT+7,> Rp 10.000.001,Karyawan Swasta,Rp 100.001 - Rp 200.000,Samsung,1,5,5,5,5,5,3
2019/09/27 6:55:58 PM GMT+7,Rp 1.000.001 - Rp 2.000.000,Ibu Rumah Tangga,Rp 100.001 - Rp 200.000,Samsung,1,2,3,5,3,3,3
2019/09/27 6:56:10 PM GMT+7,Rp 3.000.001 - Rp 5.000.000,Karyawan Swasta,Rp 100.001 - Rp 200.000,Samsung,1,2,4,4,2,3,1
2019/09/27 6:56:52 PM GMT+7,< Rp 1.000.000,Pelajar,0 - Rp 50.000,Oppo,1,2,4,3,5,5,1
2019/09/27 6:57:36 PM GMT+7,Rp 1.000.001 - Rp 2.000.000,Karyawan Swasta,Rp 100.001 - Rp 200.000,Asus,2,1,3,1,2,3,1
2019/09/27 6:57:59 PM GMT+7,< Rp 1.000.000,Pelajar,0 - Rp 50.000,Samsung,1,1,1,1,1,5,1
2019/09/27 6:58:06 PM GMT+7,Rp 5.000.001 - Rp 10.000.000,PNS / BUMN / Pegawai Pemerintah,Rp 100.001 - Rp 200.000,Samsung,3,3,4,3,2,1,1
2019/09/27 6:58:20 PM GMT+7,Rp 5.000.001 - Rp 10.000.000,Pekerja Medis (Dokter / Bidan / Apoteker / Perawat),Rp 100.001 - Rp 200.000,Samsung,2,2,5,3,2,3,1
2019/09/27 6:58:24 PM GMT+7,> Rp 10.000.001,Wiraswasta / Pedagang,Rp 100.001 - Rp 200.000,Samsung,1,2,4,5,3,1,1
2019/09/27 6:58:28 PM GMT+7,< Rp 1.000.000,Ibu Rumah Tangga,0 - Rp 50.000,Xiaomi,1,1,5,1,1,1,1
2019/09/27 6:58:29 PM GMT+7,Rp 5.000.001 - Rp 10.000.000,Ibu Rumah Tangga,Rp 50.001 - Rp 100.000,Samsung,1,1,3,5,1,1,1
2019/09/27 6:59:00 PM GMT+7,Rp 3.000.001 - Rp 5.000.000,Ibu Rumah Tangga,Rp 100.001 - Rp 200.000,Xiaomi,1,2,3,3,1,1,1
2019/09/27 6:59:04 PM GMT+7,< Rp 1.000.000,Pelajar,0 - Rp 50.000,Asus,1,4,2,4,2,5,1
2019/09/27 7:00:02 PM GMT+7,Rp 3.000.001 - Rp 5.000.000,Guru atau dosen,Rp 50.001 - Rp 100.000,Vivo,1,2,1,3,2,3,1
2019/09/27 7:00:08 PM GMT+7,> Rp 10.000.001,PNS / BUMN / Pegawai Pemerintah,Rp 200.001 - Rp 500.000,Samsung,1,3,4,4,1,1,1
2019/09/27 7:00:41 PM GMT+7,Rp 2.000.001 - Rp 3.000.000,Tidak bekerja,Rp 100.001 - Rp 200.000,Xiaomi,5,2,3,4,4,1,4
2019/09/27 7:01:06 PM GMT+7,< Rp 1.000.000,Ibu Rumah Tangga,Rp 50.001 - Rp 100.000,Asus,1,4,4,4,4,3,1
2019/09/27 7:01:47 PM GMT+7,Rp 1.000.001 - Rp 2.000.000,Ibu Rumah Tangga,Rp 100.001 - Rp 200.000,Samsung,1,1,1,3,2,2,1
2019/09/27 7:02:00 PM GMT+7,Rp 3.000.001 - Rp 5.000.000,PNS / BUMN / Pegawai Pemerintah,Rp 50.001 - Rp 100.000,Vivo,1,3,5,2,2,3,1
2019/09/27 7:02:06 PM GMT+7,Rp 2.000.001 - Rp 3.000.000,Pelajar,Rp 100.001 - Rp 200.000,iPhone,4,1,4,5,2,2,2
2019/09/27 7:02:07 PM GMT+7,< Rp 1.000.000,Pelajar,Rp 100.001 - Rp 200.000,Xiaomi,2,1,5,3,3,2,3
2019/09/27 7:02:27 PM GMT+7,Rp 5.000.001 - Rp 10.000.000,Karyawan Swasta,Rp 200.001 - Rp 500.000,iPhone,1,1,4,3,3,4,2
2019/09/27 7:02:30 PM GMT+7,Rp 3.000.001 - Rp 5.000.000,Karyawan Swasta,0 - Rp 50.000,Selain di atas,3,3,5,2,2,2,1
2019/09/27 7:03:08 PM GMT+7,Rp 1.000.001 - Rp 2.000.000,Wiraswasta / Pedagang,Rp 50.001 - Rp 100.000,iPhone,1,3,5,5,3,4,5
2019/09/27 7:03:50 PM GMT+7,Rp 1.000.001 - Rp 2.000.000,Pelajar,Rp 100.001 - Rp 200.000,Samsung,2,1,4,4,1,1,1
2019/09/27 7:03:53 PM GMT+7,Rp 5.000.001 - Rp 10.000.000,PNS / BUMN / Pegawai Pemerintah,Rp 50.001 - Rp 100.000,Xiaomi,1,3,4,3,3,2,3
2019/09/27 7:04:24 PM GMT+7,< Rp 1.000.000,Pelajar,Rp 50.001 - Rp 100.000,Xiaomi,2,1,5,5,5,5,1
2019/09/27 7:04:27 PM GMT+7,< Rp 1.000.000,Pelajar,0 - Rp 50.000,Selain di atas,1,1,1,1,1,1,1
2019/09/27 7:04:54 PM GMT+7,Rp 5.000.001 - Rp 10.000.000,Karyawan Swasta,Rp 200.001 - Rp 500.000,Lenovo,5,2,5,5,1,3,3
2019/09/27 7:06:35 PM GMT+7,Rp 5.000.001 - Rp 10.000.000,Pekerja Lepas / Freelancer,Rp 200.001 - Rp 500.000,Samsung,1,2,4,5,3,1,1
2019/09/27 7:06:50 PM GMT+7,Rp 3.000.001 - Rp 5.000.000,Pekerja Lepas / Freelancer,Rp 100.001 - Rp 200.000,iPhone,3,5,4,4,3,3,1
2019/09/27 7:06:57 PM GMT+7,Rp 5.000.001 - Rp 10.000.000,Pekerja Lepas / Freelancer,Rp 200.001 - Rp 500.000,Samsung,1,2,4,5,3,1,1
2019/09/27 7:07:20 PM GMT+7,Rp 5.000.001 - Rp 10.000.000,Wiraswasta / Pedagang,0 - Rp 50.000,Vivo,1,1,4,3,1,1,1
2019/09/27 7:07:48 PM GMT+7,< Rp 1.000.000,Guru atau dosen,Rp 50.001 - Rp 100.000,Xiaomi,1,1,1,2,2,1,1
2019/09/27 7:08:37 PM GMT+7,Rp 3.000.001 - Rp 5.000.000,PNS / BUMN / Pegawai Pemerintah,Rp 100.001 - Rp 200.000,Xiaomi,1,3,3,3,5,3,1
2019/09/27 7:09:01 PM GMT+7,< Rp 1.000.000,Pelajar,Rp 50.001 - Rp 100.000,Xiaomi,3,2,3,3,4,4,2
2019/09/27 7:09:58 PM GMT+7,Rp 3.000.001 - Rp 5.000.000,Peneliti,Rp 100.001 - Rp 200.000,Oppo,4,3,4,2,2,2,2
2019/09/27 7:11:27 PM GMT+7,Rp 5.000.001 - Rp 10.000.000,Karyawan Swasta,Rp 100.001 - Rp 200.000,Selain di atas,1,3,5,3,2,4,1
2019/09/27 7:12:31 PM GMT+7,Rp 1.000.001 - Rp 2.000.000,PNS / BUMN / Pegawai Pemerintah,Rp 100.001 - Rp 200.000,Xiaomi,1,4,5,5,3,1,1
2019/09/27 7:13:06 PM GMT+7,< Rp 1.000.000,Tidak bekerja,Rp 50.001 - Rp 100.000,Xiaomi,2,4,4,3,3,3,1
2019/09/27 7:14:23 PM GMT+7,Rp 2.000.001 - Rp 3.000.000,Ibu Rumah Tangga,Rp 50.001 - Rp 100.000,Oppo,1,1,2,1,5,1,1
2019/09/27 7:17:07 PM GMT+7,Rp 3.000.001 - Rp 5.000.000,Ibu Rumah Tangga,Rp 50.001 - Rp 100.000,SONY,2,2,4,4,2,2,1
2019/09/27 7:18:16 PM GMT+7,Rp 2.000.001 - Rp 3.000.000,Guru atau dosen,Rp 50.001 - Rp 100.000,Asus,1,5,5,5,5,5,2
2019/09/27 7:19:13 PM GMT+7,> Rp 10.000.001,PNS / BUMN / Pegawai Pemerintah,Rp 50.001 - Rp 100.000,Xiaomi,1,5,4,2,2,3,1
2019/09/27 7:19:20 PM GMT+7,Rp 3.000.001 - Rp 5.000.000,Karyawan Swasta,Rp 100.001 - Rp 200.000,iPhone,3,2,5,5,3,3,2
2019/09/27 7:21:07 PM GMT+7,Rp 2.000.001 - Rp 3.000.000,Karyawan Swasta,0 - Rp 50.000,Samsung,1,2,5,5,3,3,3
2019/09/27 7:22:53 PM GMT+7,Rp 5.000.001 - Rp 10.000.000,Karyawan Swasta,Rp 100.001 - Rp 200.000,Selain di atas,1,2,4,2,1,1,1
2019/09/27 7:25:47 PM GMT+7,Rp 3.000.001 - Rp 5.000.000,Ibu Rumah Tangga,Rp 100.001 - Rp 200.000,Xiaomi,2,1,4,3,2,1,1
2019/09/27 7:25:48 PM GMT+7,> Rp 10.000.001,PNS / BUMN / Pegawai Pemerintah,Rp 200.001 - Rp 500.000,Samsung,4,3,5,5,1,1,2
2019/09/27 7:26:55 PM GMT+7,Rp 1.000.001 - Rp 2.000.000,Pembantu Rumah Tangga,Rp 50.001 - Rp 100.000,Xiaomi,1,1,1,1,1,1,1
2019/09/27 7:28:07 PM GMT+7,Rp 2.000.001 - Rp 3.000.000,Guru atau dosen,Rp 50.001 - Rp 100.000,Samsung,1,1,4,5,1,1,1
2019/09/27 7:28:42 PM GMT+7,Rp 5.000.001 - Rp 10.000.000,Buruh,Rp 50.001 - Rp 100.000,Xiaomi,2,1,3,3,1,2,3
2019/09/27 7:29:25 PM GMT+7,Rp 3.000.001 - Rp 5.000.000,Ibu Rumah Tangga,Rp 100.001 - Rp 200.000,Samsung,2,2,5,4,3,3,1
2019/09/27 7:29:52 PM GMT+7,Rp 3.000.001 - Rp 5.000.000,Pensiunan,Rp 200.001 - Rp 500.000,Samsung,1,1,1,3,1,1,1
2019/09/27 7:29:53 PM GMT+7,< Rp 1.000.000,Guru atau dosen,Rp 200.001 - Rp 500.000,Samsung,1,2,1,2,3,3,1
2019/09/27 7:31:35 PM GMT+7,< Rp 1.000.000,Petani / Pekebun / Peternak,Rp 50.001 - Rp 100.000,Asus,1,2,1,1,1,1,1
2019/09/27 7:33:12 PM GMT+7,Rp 2.000.001 - Rp 3.000.000,Guru atau dosen,Rp 200.001 - Rp 500.000,Oppo,3,2,3,2,2,3,1
2019/09/27 7:34:31 PM GMT+7,Rp 1.000.001 - Rp 2.000.000,Pelajar,Rp 100.001 - Rp 200.000,Samsung,3,4,4,3,3,3,2
2019/09/27 7:39:37 PM GMT+7,< Rp 1.000.000,Pekerja Lepas / Freelancer,0 - Rp 50.000,Asus,1,2,2,2,1,1,1
2019/09/27 7:40:39 PM GMT+7,< Rp 1.000.000,Pelajar,Rp 50.001 - Rp 100.000,Selain di atas,1,1,5,3,2,4,1
2019/09/27 7:41:42 PM GMT+7,< Rp 1.000.000,Guru atau dosen,0 - Rp 50.000,Oppo,1,1,5,3,1,1,2
2019/09/27 7:44:26 PM GMT+7,Rp 2.000.001 - Rp 3.000.000,Peneliti,Rp 50.001 - Rp 100.000,Samsung,1,2,2,5,3,3,1
2019/09/27 7:45:51 PM GMT+7,Rp 3.000.001 - Rp 5.000.000,Karyawan Swasta,Rp 100.001 - Rp 200.000,Vivo,1,5,4,3,1,4,1
2019/09/27 7:46:03 PM GMT+7,Rp 2.000.001 - Rp 3.000.000,Pekerja Medis (Dokter / Bidan / Apoteker / Perawat),Rp 100.001 - Rp 200.000,LG,1,2,3,4,3,3,1
2019/09/27 7:48:45 PM GMT+7,Rp 5.000.001 - Rp 10.000.000,Karyawan Swasta,Rp 50.001 - Rp 100.000,Samsung,1,1,5,5,1,1,1
2019/09/27 7:50:07 PM GMT+7,< Rp 1.000.000,Pelajar,Rp 50.001 - Rp 100.000,Xiaomi,4,1,5,4,3,5,1
2019/09/27 7:52:27 PM GMT+7,Rp 3.000.001 - Rp 5.000.000,Guru atau dosen,0 - Rp 50.000,iPhone,1,1,1,5,5,1,1
2019/09/27 7:55:27 PM GMT+7,Rp 3.000.001 - Rp 5.000.000,PNS / BUMN / Pegawai Pemerintah,Rp 50.001 - Rp 100.000,Samsung,1,4,4,3,2,2,1
2019/09/27 7:56:47 PM GMT+7,Rp 3.000.001 - Rp 5.000.000,Guru atau dosen,Rp 100.001 - Rp 200.000,Asus,2,3,5,5,3,3,1
2019/09/27 7:59:47 PM GMT+7,Rp 1.000.001 - Rp 2.000.000,Pelajar,Rp 50.001 - Rp 100.000,Xiaomi,1,3,3,2,3,3,1
2019/09/27 8:00:51 PM GMT+7,< Rp 1.000.000,Pelajar,0 - Rp 50.000,Asus,1,5,4,3,4,4,2
2019/09/27 8:02:59 PM GMT+7,Rp 5.000.001 - Rp 10.000.000,Karyawan Swasta,Rp 50.001 - Rp 100.000,Lenovo,1,1,3,1,1,1,5
2019/09/27 8:03:26 PM GMT+7,Rp 3.000.001 - Rp 5.000.000,Peneliti,Rp 100.001 - Rp 200.000,Xiaomi,4,4,4,3,1,2,1
2019/09/27 8:03:31 PM GMT+7,< Rp 1.000.000,Ibu Rumah Tangga,0 - Rp 50.000,Asus,5,3,5,5,3,3,1
2019/09/27 8:06:41 PM GMT+7,Rp 5.000.001 - Rp 10.000.000,Karyawan Swasta,Rp 100.001 - Rp 200.000,Xiaomi,1,3,5,5,2,3,1
2019/09/27 8:07:28 PM GMT+7,< Rp 1.000.000,Pelajar,0 - Rp 50.000,Xiaomi,1,1,5,1,2,2,1
2019/09/27 8:10:49 PM GMT+7,Rp 3.000.001 - Rp 5.000.000,Guru atau dosen,Rp 50.001 - Rp 100.000,Xiaomi,1,3,4,4,3,3,1
2019/09/27 8:12:15 PM GMT+7,Rp 1.000.001 - Rp 2.000.000,Guru atau dosen,Rp 50.001 - Rp 100.000,Selain di atas,1,1,5,1,1,1,1
2019/09/27 8:19:16 PM GMT+7,< Rp 1.000.000,Pelajar,0 - Rp 50.000,Samsung,1,2,3,2,3,2,1
2019/09/27 8:20:35 PM GMT+7,Rp 3.000.001 - Rp 5.000.000,Wiraswasta / Pedagang,0 - Rp 50.000,Xiaomi,2,2,4,2,2,3,1
2019/09/27 8:24:47 PM GMT+7,Rp 5.000.001 - Rp 10.000.000,Karyawan Swasta,Rp 100.001 - Rp 200.000,iPhone,1,3,4,5,4,5,5
2019/09/27 8:25:21 PM GMT+7,< Rp 1.000.000,Pekerja Lepas / Freelancer,0 - Rp 50.000,Samsung,1,1,2,3,3,3,1
2019/09/27 8:33:54 PM GMT+7,Rp 5.000.001 - Rp 10.000.000,Ibu Rumah Tangga,Rp 50.001 - Rp 100.000,Samsung,5,1,3,2,3,3,1
2019/09/27 8:34:00 PM GMT+7,Rp 1.000.001 - Rp 2.000.000,Peneliti,Rp 200.001 - Rp 500.000,Oppo,1,1,5,3,2,3,1
2019/09/27 8:41:37 PM GMT+7,Rp 5.000.001 - Rp 10.000.000,PNS / BUMN / Pegawai Pemerintah,Rp 100.001 - Rp 200.000,Vivo,1,3,4,4,3,2,2
2019/09/27 8:42:58 PM GMT+7,> Rp 10.000.001,Ibu Rumah Tangga,Rp 50.001 - Rp 100.000,Samsung,1,2,3,2,1,2,1
2019/09/27 8:46:46 PM GMT+7,Rp 1.000.001 - Rp 2.000.000,Pekerja Lepas / Freelancer,Rp 100.001 - Rp 200.000,Lenovo,1,2,2,5,1,4,1
2019/09/27 8:46:48 PM GMT+7,Rp 3.000.001 - Rp 5.000.000,Ibu Rumah Tangga,Rp 50.001 - Rp 100.000,Oppo,1,2,4,1,2,3,1
2019/09/27 8:58:13 PM GMT+7,< Rp 1.000.000,Tidak bekerja,Rp 50.001 - Rp 100.000,Xiaomi,1,2,1,3,5,5,1
2019/09/27 9:00:36 PM GMT+7,Rp 5.000.001 - Rp 10.000.000,Wiraswasta / Pedagang,Rp 100.001 - Rp 200.000,LG,1,1,4,4,3,3,2
2019/09/27 9:01:23 PM GMT+7,Rp 2.000.001 - Rp 3.000.000,Karyawan Honorer,Rp 50.001 - Rp 100.000,iPhone,1,1,2,3,5,2,1
2019/09/27 9:01:23 PM GMT+7,Rp 5.000.001 - Rp 10.000.000,Wiraswasta / Pedagang,Rp 50.001 - Rp 100.000,Oppo,1,1,5,3,1,5,1
2019/09/27 9:02:05 PM GMT+7,> Rp 10.000.001,Guru atau dosen,Rp 100.001 - Rp 200.000,iPhone,1,3,4,3,1,1,1
2019/09/27 9:02:32 PM GMT+7,Rp 3.000.001 - Rp 5.000.000,Karyawan Swasta,Rp 50.001 - Rp 100.000,Samsung,1,1,5,4,1,1,1
2019/09/27 9:02:54 PM GMT+7,< Rp 1.000.000,Pelajar,0 - Rp 50.000,Xiaomi,1,2,4,4,5,5,1
2019/09/27 9:03:07 PM GMT+7,> Rp 10.000.001,Ibu Rumah Tangga,Rp 50.001 - Rp 100.000,Xiaomi,1,2,1,2,1,1,1
2019/09/27 9:06:14 PM GMT+7,Rp 3.000.001 - Rp 5.000.000,Pekerja Lepas / Freelancer,Rp 50.001 - Rp 100.000,Samsung,1,4,5,5,2,3,1
2019/09/27 9:08:19 PM GMT+7,Rp 2.000.001 - Rp 3.000.000,Wiraswasta / Pedagang,0 - Rp 50.000,Vivo,1,1,1,3,1,1,1
2019/09/27 9:08:35 PM GMT+7,> Rp 10.000.001,PNS / BUMN / Pegawai Pemerintah,Rp 200.001 - Rp 500.000,iPhone,1,4,3,5,2,2,1
2019/09/27 9:09:00 PM GMT+7,Rp 3.000.001 - Rp 5.000.000,Karyawan Swasta,Rp 50.001 - Rp 100.000,Samsung,3,1,5,2,1,1,1
2019/09/27 9:09:52 PM GMT+7,Rp 1.000.001 - Rp 2.000.000,Guru atau dosen,Rp 50.001 - Rp 100.000,Xiaomi,1,2,4,3,3,2,3
2019/09/27 9:10:27 PM GMT+7,< Rp 1.000.000,Ibu Rumah Tangga,0 - Rp 50.000,Vivo,1,2,4,2,5,3,1
2019/09/27 9:12:34 PM GMT+7,Rp 2.000.001 - Rp 3.000.000,Guru atau dosen,Rp 50.001 - Rp 100.000,Lenovo,1,5,2,3,1,1,1
2019/09/27 9:13:17 PM GMT+7,Rp 3.000.001 - Rp 5.000.000,Karyawan Swasta,Rp 50.001 - Rp 100.000,iPhone,2,2,5,3,1,3,1
2019/09/27 9:13:46 PM GMT+7,Rp 3.000.001 - Rp 5.000.000,Pelajar,Rp 100.001 - Rp 200.000,iPhone,1,2,4,4,3,2,2
2019/09/27 9:14:19 PM GMT+7,Rp 2.000.001 - Rp 3.000.000,PNS / BUMN / Pegawai Pemerintah,Rp 100.001 - Rp 200.000,Vivo,1,3,1,3,5,5,1
2019/09/27 9:14:24 PM GMT+7,Rp 3.000.001 - Rp 5.000.000,Karyawan Swasta,Rp 100.001 - Rp 200.000,Samsung,2,3,4,1,3,2,3
2019/09/27 9:15:37 PM GMT+7,Rp 5.000.001 - Rp 10.000.000,Ibu Rumah Tangga,Rp 50.001 - Rp 100.000,Vivo,1,2,5,3,2,2,1
2019/09/27 9:15:37 PM GMT+7,Rp 5.000.001 - Rp 10.000.000,Wiraswasta / Pedagang,Rp 100.001 - Rp 200.000,Lenovo,1,1,4,1,1,1,5
2019/09/27 9:16:21 PM GMT+7,< Rp 1.000.000,Pelajar,Rp 50.001 - Rp 100.000,Oppo,1,1,4,3,2,3,1
2019/09/27 9:17:13 PM GMT+7,Rp 1.000.001 - Rp 2.000.000,Pekerja Lepas / Freelancer,0 - Rp 50.000,Samsung,1,3,3,2,2,3,1
2019/09/27 9:19:27 PM GMT+7,< Rp 1.000.000,Pelajar,0 - Rp 50.000,Xiaomi,2,1,2,2,1,1,1
2019/09/27 9:21:15 PM GMT+7,Rp 1.000.001 - Rp 2.000.000,Karyawan Swasta,0 - Rp 50.000,Samsung,1,2,3,3,1,2,1
2019/09/27 9:28:39 PM GMT+7,Rp 3.000.001 - Rp 5.000.000,PNS / BUMN / Pegawai Pemerintah,Rp 50.001 - Rp 100.000,Samsung,1,2,4,2,1,1,1
2019/09/27 9:33:17 PM GMT+7,Rp 3.000.001 - Rp 5.000.000,Karyawan Swasta,Rp 200.001 - Rp 500.000,iPhone,2,2,2,4,3,1,1
2019/09/27 9:33:27 PM GMT+7,Rp 1.000.001 - Rp 2.000.000,Karyawan Swasta,0 - Rp 50.000,iPhone,2,4,4,3,3,3,2
2019/09/27 9:35:36 PM GMT+7,Rp 5.000.001 - Rp 10.000.000,Guru atau dosen,Rp 200.001 - Rp 500.000,Samsung,2,3,3,3,2,2,1
2019/09/27 9:39:43 PM GMT+7,Rp 5.000.001 - Rp 10.000.000,Karyawan Swasta,0 - Rp 50.000,LG,1,2,2,2,1,5,1
2019/09/27 9:41:05 PM GMT+7,Rp 1.000.001 - Rp 2.000.000,Guru atau dosen,Rp 50.001 - Rp 100.000,Samsung,1,5,2,3,1,3,2
2019/09/27 9:41:19 PM GMT+7,> Rp 10.000.001,Pelajar,Rp 50.001 - Rp 100.000,Vivo,1,5,1,3,2,1,2
2019/09/27 9:43:38 PM GMT+7,< Rp 1.000.000,Pelajar,Rp 50.001 - Rp 100.000,Samsung,2,1,5,5,3,3,3
2019/09/27 9:47:02 PM GMT+7,< Rp 1.000.000,Pelajar,Rp 200.001 - Rp 500.000,Vivo,3,1,5,4,3,4,1
2019/09/27 9:47:25 PM GMT+7,Rp 2.000.001 - Rp 3.000.000,Ibu Rumah Tangga,Rp 50.001 - Rp 100.000,Vivo,1,1,5,4,3,2,2
2019/09/27 9:47:39 PM GMT+7,Rp 5.000.001 - Rp 10.000.000,Karyawan Swasta,Rp 50.001 - Rp 100.000,LG,1,2,4,3,2,3,1
2019/09/27 9:49:32 PM GMT+7,Rp 5.000.001 - Rp 10.000.000,Karyawan Swasta,Rp 50.001 - Rp 100.000,Xiaomi,1,3,4,4,2,2,1
2019/09/27 9:56:50 PM GMT+7,Rp 3.000.001 - Rp 5.000.000,Pensiunan,Rp 100.001 - Rp 200.000,Samsung,4,2,3,3,5,5,2
2019/09/27 10:02:06 PM GMT+7,Rp 5.000.001 - Rp 10.000.000,Wiraswasta / Pedagang,Rp 50.001 - Rp 100.000,iPhone,3,2,4,4,2,2,1
2019/09/27 10:03:40 PM GMT+7,< Rp 1.000.000,Pelajar,0 - Rp 50.000,Xiaomi,2,1,5,2,1,5,1
2019/09/27 10:04:16 PM GMT+7,Rp 3.000.001 - Rp 5.000.000,PNS / BUMN / Pegawai Pemerintah,Rp 100.001 - Rp 200.000,Samsung,2,1,4,3,1,1,1
2019/09/27 10:04:52 PM GMT+7,Rp 1.000.001 - Rp 2.000.000,Guru atau dosen,0 - Rp 50.000,Xiaomi,4,4,4,4,4,4,1
2019/09/27 10:05:27 PM GMT+7,> Rp 10.000.001,Pekerja Medis (Dokter / Bidan / Apoteker / Perawat),Rp 50.001 - Rp 100.000,Xiaomi,2,4,5,3,1,1,1
2019/09/27 10:06:06 PM GMT+7,Rp 5.000.001 - Rp 10.000.000,Karyawan Swasta,Rp 50.001 - Rp 100.000,Vivo,1,1,3,3,4,3,1
2019/09/27 10:07:22 PM GMT+7,Rp 5.000.001 - Rp 10.000.000,Wiraswasta / Pedagang,Rp 50.001 - Rp 100.000,iPhone,2,2,5,4,2,3,1
2019/09/27 10:08:20 PM GMT+7,Rp 3.000.001 - Rp 5.000.000,PNS / BUMN / Pegawai Pemerintah,Rp 100.001 - Rp 200.000,Samsung,1,4,3,5,3,2,2
2019/09/27 10:13:47 PM GMT+7,Rp 3.000.001 - Rp 5.000.000,PNS / BUMN / Pegawai Pemerintah,Rp 50.001 - Rp 100.000,Samsung,1,4,1,3,2,3,1
2019/09/27 10:15:25 PM GMT+7,Rp 3.000.001 - Rp 5.000.000,Karyawan Swasta,Rp 50.001 - Rp 100.000,Oppo,1,2,4,3,1,2,1
2019/09/27 10:24:54 PM GMT+7,Rp 1.000.001 - Rp 2.000.000,Ibu Rumah Tangga,Rp 50.001 - Rp 100.000,Xiaomi,1,1,5,2,4,5,5
2019/09/27 10:26:20 PM GMT+7,Rp 2.000.001 - Rp 3.000.000,Buruh,0 - Rp 50.000,Samsung,1,1,3,2,5,5,1
2019/09/27 10:29:46 PM GMT+7,> Rp 10.000.001,Pekerja Lepas / Freelancer,Rp 100.001 - Rp 200.000,Samsung,3,3,5,4,3,1,1
2019/09/27 10:34:01 PM GMT+7,Rp 5.000.001 - Rp 10.000.000,Karyawan Swasta,Rp 100.001 - Rp 200.000,Asus,4,2,5,4,4,2,3
2019/09/27 10:34:51 PM GMT+7,Rp 2.000.001 - Rp 3.000.000,Ibu Rumah Tangga,Rp 50.001 - Rp 100.000,Oppo,1,1,3,1,2,3,1
2019/09/27 10:37:15 PM GMT+7,> Rp 10.000.001,Wiraswasta / Pedagang,Rp 200.001 - Rp 500.000,iPhone,1,1,2,5,1,1,1
2019/09/27 10:49:09 PM GMT+7,Rp 1.000.001 - Rp 2.000.000,Pelajar,Rp 100.001 - Rp 200.000,Oppo,1,2,3,5,2,3,1
2019/09/27 10:51:05 PM GMT+7,Rp 3.000.001 - Rp 5.000.000,Karyawan Swasta,Rp 200.001 - Rp 500.000,Asus,1,5,3,5,3,3,1
2019/09/27 10:54:32 PM GMT+7,> Rp 10.000.001,Karyawan Swasta,Rp 200.001 - Rp 500.000,Samsung,3,3,5,5,2,2,1
2019/09/27 10:56:16 PM GMT+7,Rp 5.000.001 - Rp 10.000.000,Karyawan Swasta,Rp 50.001 - Rp 100.000,Xiaomi,1,3,5,1,2,3,1
2019/09/27 10:58:44 PM GMT+7,Rp 3.000.001 - Rp 5.000.000,PNS / BUMN / Pegawai Pemerintah,0 - Rp 50.000,Vivo,1,2,3,2,1,1,1
2019/09/27 11:01:35 PM GMT+7,Rp 5.000.001 - Rp 10.000.000,Karyawan Swasta,Rp 50.001 - Rp 100.000,SONY,2,4,5,4,3,3,1
2019/09/27 11:12:12 PM GMT+7,Rp 3.000.001 - Rp 5.000.000,Karyawan Swasta,Rp 100.001 - Rp 200.000,Samsung,1,3,5,3,4,5,1
2019/09/27 11:14:22 PM GMT+7,> Rp 10.000.001,Pekerja Lepas / Freelancer,Rp 50.001 - Rp 100.000,iPhone,1,4,5,3,1,3,1
2019/09/27 11:15:03 PM GMT+7,> Rp 10.000.001,Karyawan Swasta,Rp 200.001 - Rp 500.000,SONY,1,3,3,3,2,2,3
2019/09/27 11:15:20 PM GMT+7,Rp 2.000.001 - Rp 3.000.000,Ibu Rumah Tangga,Rp 50.001 - Rp 100.000,Xiaomi,1,3,5,5,5,3,1
2019/09/27 11:15:27 PM GMT+7,> Rp 10.000.001,PNS / BUMN / Pegawai Pemerintah,Rp 100.001 - Rp 200.000,Xiaomi,1,4,2,3,4,3,1
2019/09/27 11:17:54 PM GMT+7,Rp 2.000.001 - Rp 3.000.000,Karyawan Swasta,Rp 100.001 - Rp 200.000,Samsung,1,2,2,2,1,1,1
2019/09/27 11:19:31 PM GMT+7,< Rp 1.000.000,Wiraswasta / Pedagang,Rp 50.001 - Rp 100.000,Samsung,1,2,4,1,1,5,1
2019/09/27 11:30:21 PM GMT+7,Rp 1.000.001 - Rp 2.000.000,Pembantu Rumah Tangga,Rp 100.001 - Rp 200.000,Xiaomi,5,5,5,4,3,3,1
2019/09/27 11:30:51 PM GMT+7,Rp 5.000.001 - Rp 10.000.000,PNS / BUMN / Pegawai Pemerintah,Rp 50.001 - Rp 100.000,Xiaomi,2,2,4,4,4,4,2
2019/09/27 11:33:04 PM GMT+7,< Rp 1.000.000,Pelajar,Rp 50.001 - Rp 100.000,Realme,4,3,5,5,4,5,5
2019/09/27 11:34:23 PM GMT+7,Rp 3.000.001 - Rp 5.000.000,PNS / BUMN / Pegawai Pemerintah,Rp 50.001 - Rp 100.000,Xiaomi,1,5,5,5,1,2,1
2019/09/27 11:36:39 PM GMT+7,Rp 3.000.001 - Rp 5.000.000,Karyawan Swasta,Rp 50.001 - Rp 100.000,Oppo,1,1,5,1,5,5,3
2019/09/27 11:41:07 PM GMT+7,Rp 5.000.001 - Rp 10.000.000,Karyawan Swasta,Rp 50.001 - Rp 100.000,Xiaomi,3,3,5,5,2,3,1
2019/09/27 11:53:38 PM GMT+7,Rp 5.000.001 - Rp 10.000.000,Karyawan Swasta,0 - Rp 50.000,Samsung,1,1,2,5,1,1,3
2019/09/27 11:58:21 PM GMT+7,Rp 1.000.001 - Rp 2.000.000,Peneliti,Rp 100.001 - Rp 200.000,iPhone,1,5,2,3,3,4,2
2019/09/28 12:45:53 AM GMT+7,> Rp 10.000.001,Peneliti,Rp 100.001 - Rp 200.000,Asus,1,2,1,5,1,1,1
2019/09/28 1:43:14 AM GMT+7,Rp 3.000.001 - Rp 5.000.000,Pekerja Lepas / Freelancer,Rp 100.001 - Rp 200.000,Oppo,1,4,3,4,2,2,1
2019/09/28 1:46:29 AM GMT+7,> Rp 10.000.001,Karyawan Swasta,Rp 100.001 - Rp 200.000,LG,1,2,4,1,1,1,1
2019/09/28 2:07:43 AM GMT+7,Rp 1.000.001 - Rp 2.000.000,Pelajar,Rp 100.001 - Rp 200.000,Xiaomi,2,1,5,4,2,3,2
2019/09/28 2:12:03 AM GMT+7,> Rp 10.000.001,Karyawan Swasta,Rp 50.001 - Rp 100.000,Xiaomi,2,3,4,3,2,4,1
2019/09/28 3:17:39 AM GMT+7,Rp 1.000.001 - Rp 2.000.000,Guru atau dosen,0 - Rp 50.000,Xiaomi,1,1,5,3,2,3,1
2019/09/28 4:18:21 AM GMT+7,< Rp 1.000.000,Guru atau dosen,Rp 50.001 - Rp 100.000,Vivo,3,3,4,2,2,3,2
2019/09/28 4:20:25 AM GMT+7,Rp 5.000.001 - Rp 10.000.000,Guru atau dosen,Rp 100.001 - Rp 200.000,Samsung,1,3,2,4,2,2,1
2019/09/28 4:38:59 AM GMT+7,Rp 3.000.001 - Rp 5.000.000,PNS / BUMN / Pegawai Pemerintah,Rp 100.001 - Rp 200.000,Oppo,1,2,5,4,3,3,2
2019/09/28 4:39:58 AM GMT+7,Rp 2.000.001 - Rp 3.000.000,PNS / BUMN / Pegawai Pemerintah,Rp 50.001 - Rp 100.000,Asus,3,1,4,3,2,2,3
2019/09/28 4:58:27 AM GMT+7,Rp 5.000.001 - Rp 10.000.000,Karyawan Swasta,0 - Rp 50.000,Samsung,1,1,3,4,1,1,1
2019/09/28 5:08:07 AM GMT+7,Rp 5.000.001 - Rp 10.000.000,Karyawan Swasta,Rp 200.001 - Rp 500.000,Xiaomi,2,1,4,3,2,2,2
2019/09/28 5:10:45 AM GMT+7,> Rp 10.000.001,Pekerja Lepas / Freelancer,Rp 50.001 - Rp 100.000,Xiaomi,1,2,5,4,5,3,1
2019/09/28 5:18:54 AM GMT+7,> Rp 10.000.001,Wiraswasta / Pedagang,Rp 50.001 - Rp 100.000,Xiaomi,2,3,5,4,2,3,1
2019/09/28 5:22:32 AM GMT+7,Rp 5.000.001 - Rp 10.000.000,Pekerja Lepas / Freelancer,Rp 100.001 - Rp 200.000,Lenovo,1,3,3,2,1,1,4
2019/09/28 5:27:08 AM GMT+7,Rp 5.000.001 - Rp 10.000.000,PNS / BUMN / Pegawai Pemerintah,Rp 200.001 - Rp 500.000,Oppo,2,4,5,3,2,2,2
2019/09/28 5:29:26 AM GMT+7,Rp 2.000.001 - Rp 3.000.000,Karyawan Swasta,Rp 50.001 - Rp 100.000,Xiaomi,1,1,4,5,5,5,1
2019/09/28 5:34:38 AM GMT+7,< Rp 1.000.000,Guru atau dosen,Rp 50.001 - Rp 100.000,Samsung,1,2,3,3,4,3,1
2019/09/28 5:35:56 AM GMT+7,< Rp 1.000.000,Tidak bekerja,0 - Rp 50.000,Vivo,1,3,3,2,3,3,1
2019/09/28 5:43:26 AM GMT+7,Rp 5.000.001 - Rp 10.000.000,PNS / BUMN / Pegawai Pemerintah,Rp 200.001 - Rp 500.000,Samsung,2,2,4,4,1,3,1
2019/09/28 5:48:42 AM GMT+7,< Rp 1.000.000,Pelajar,0 - Rp 50.000,Oppo,4,1,3,3,1,1,1
2019/09/28 5:58:26 AM GMT+7,< Rp 1.000.000,Ibu Rumah Tangga,0 - Rp 50.000,Samsung,1,1,1,1,1,1,1
2019/09/28 5:58:32 AM GMT+7,Rp 1.000.001 - Rp 2.000.000,Guru atau dosen,Rp 100.001 - Rp 200.000,Samsung,1,2,3,2,4,1,5
2019/09/28 6:02:48 AM GMT+7,Rp 3.000.001 - Rp 5.000.000,Karyawan Swasta,Rp 100.001 - Rp 200.000,Xiaomi,1,1,5,5,1,3,1
2019/09/28 6:02:58 AM GMT+7,Rp 5.000.001 - Rp 10.000.000,Wiraswasta / Pedagang,Rp 100.001 - Rp 200.000,Asus,1,1,5,3,3,3,1
2019/09/28 6:05:00 AM GMT+7,> Rp 10.000.001,Pekerja Lepas / Freelancer,> Rp 500.001,iPhone,2,4,2,1,2,2,1
2019/09/28 6:05:48 AM GMT+7,Rp 1.000.001 - Rp 2.000.000,Guru atau dosen,0 - Rp 50.000,Xiaomi,1,2,5,5,3,3,5
2019/09/28 6:08:19 AM GMT+7,Rp 5.000.001 - Rp 10.000.000,Pekerja Medis (Dokter / Bidan / Apoteker / Perawat),Rp 100.001 - Rp 200.000,Samsung,1,3,4,3,2,2,2
2019/09/28 6:11:49 AM GMT+7,Rp 5.000.001 - Rp 10.000.000,PNS / BUMN / Pegawai Pemerintah,Rp 100.001 - Rp 200.000,Xiaomi,1,2,3,2,3,3,1
2019/09/28 6:18:48 AM GMT+7,Rp 2.000.001 - Rp 3.000.000,Guru atau dosen,Rp 100.001 - Rp 200.000,Asus,1,2,3,3,3,3,3
2019/09/28 6:28:14 AM GMT+7,> Rp 10.000.001,Wiraswasta / Pedagang,Rp 100.001 - Rp 200.000,Lenovo,2,3,4,3,2,2,2
2019/09/28 6:40:18 AM GMT+7,Rp 1.000.001 - Rp 2.000.000,Karyawan Swasta,Rp 50.001 - Rp 100.000,Xiaomi,2,4,5,5,5,4,1
2019/09/28 6:41:05 AM GMT+7,> Rp 10.000.001,Peneliti,Rp 50.001 - Rp 100.000,iPhone,1,5,5,3,2,3,2
2019/09/28 6:44:50 AM GMT+7,Rp 3.000.001 - Rp 5.000.000,PNS / BUMN / Pegawai Pemerintah,Rp 200.001 - Rp 500.000,Vivo,3,2,3,2,2,1,1
2019/09/28 6:50:08 AM GMT+7,Rp 5.000.001 - Rp 10.000.000,PNS / BUMN / Pegawai Pemerintah,Rp 100.001 - Rp 200.000,Samsung,1,3,3,4,1,4,1
2019/09/28 6:51:48 AM GMT+7,Rp 3.000.001 - Rp 5.000.000,Pelajar,Rp 50.001 - Rp 100.000,Xiaomi,3,1,5,4,2,3,2
2019/09/28 7:02:09 AM GMT+7,Rp 5.000.001 - Rp 10.000.000,PNS / BUMN / Pegawai Pemerintah,Rp 50.001 - Rp 100.000,Samsung,2,2,3,4,1,3,1
2019/09/28 7:03:44 AM GMT+7,> Rp 10.000.001,Karyawan Swasta,Rp 50.001 - Rp 100.000,iPhone,1,3,4,3,3,4,4
2019/09/28 7:13:43 AM GMT+7,Rp 5.000.001 - Rp 10.000.000,Karyawan Swasta,Rp 100.001 - Rp 200.000,Xiaomi,3,3,3,1,2,2,1
2019/09/28 7:35:14 AM GMT+7,> Rp 10.000.001,Karyawan Swasta,Rp 100.001 - Rp 200.000,Samsung,3,2,2,1,2,3,2
2019/09/28 7:36:40 AM GMT+7,Rp 5.000.001 - Rp 10.000.000,PNS / BUMN / Pegawai Pemerintah,Rp 50.001 - Rp 100.000,Xiaomi,1,3,3,1,1,3,1
2019/09/28 7:38:02 AM GMT+7,Rp 5.000.001 - Rp 10.000.000,Karyawan Swasta,Rp 50.001 - Rp 100.000,Nokia,1,2,5,3,1,3,1
2019/09/28 7:40:23 AM GMT+7,> Rp 10.000.001,Karyawan Swasta,Rp 100.001 - Rp 200.000,Asus,1,5,5,5,3,5,1
2019/09/28 7:40:31 AM GMT+7,< Rp 1.000.000,Pelajar,Rp 100.001 - Rp 200.000,Samsung,1,3,5,4,1,2,1
2019/09/28 7:41:29 AM GMT+7,< Rp 1.000.000,Pelajar,0 - Rp 50.000,Samsung,1,1,1,3,5,3,1
2019/09/28 7:43:46 AM GMT+7,Rp 1.000.001 - Rp 2.000.000,Pelajar,Rp 50.001 - Rp 100.000,Samsung,1,2,4,5,3,4,1
2019/09/28 7:47:55 AM GMT+7,< Rp 1.000.000,Petani / Pekebun / Peternak,0 - Rp 50.000,Samsung,1,1,1,1,1,1,1
2019/09/28 7:47:59 AM GMT+7,Rp 5.000.001 - Rp 10.000.000,Karyawan Swasta,Rp 100.001 - Rp 200.000,Vivo,1,3,5,4,4,2,2
2019/09/28 7:48:51 AM GMT+7,Rp 5.000.001 - Rp 10.000.000,Petani / Pekebun / Peternak,Rp 50.001 - Rp 100.000,Samsung,1,4,5,3,3,3,3
2019/09/28 7:49:38 AM GMT+7,> Rp 10.000.001,Pekerja Medis (Dokter / Bidan / Apoteker / Perawat),Rp 100.001 - Rp 200.000,Xiaomi,1,2,4,3,2,1,1
2019/09/28 7:50:32 AM GMT+7,Rp 5.000.001 - Rp 10.000.000,Wiraswasta / Pedagang,Rp 50.001 - Rp 100.000,Selain di atas,1,1,5,3,3,4,1
2019/09/28 7:52:49 AM GMT+7,< Rp 1.000.000,Ibu Rumah Tangga,Rp 50.001 - Rp 100.000,Xiaomi,2,1,5,2,2,3,1
2019/09/28 7:54:04 AM GMT+7,Rp 5.000.001 - Rp 10.000.000,Karyawan Swasta,Rp 200.001 - Rp 500.000,Vivo,1,5,5,3,1,3,1
2019/09/28 7:54:54 AM GMT+7,Rp 5.000.001 - Rp 10.000.000,Ibu Rumah Tangga,Rp 50.001 - Rp 100.000,Xiaomi,1,2,4,3,3,3,2
2019/09/28 7:57:13 AM GMT+7,< Rp 1.000.000,Tidak bekerja,0 - Rp 50.000,Samsung,2,1,1,1,1,3,1
2019/09/28 7:58:45 AM GMT+7,Rp 5.000.001 - Rp 10.000.000,PNS / BUMN / Pegawai Pemerintah,Rp 200.001 - Rp 500.000,Oppo,1,4,4,2,3,2,1
2019/09/28 8:01:21 AM GMT+7,> Rp 10.000.001,Ibu Rumah Tangga,Rp 200.001 - Rp 500.000,Oppo,2,3,4,4,1,1,1
2019/09/28 8:05:42 AM GMT+7,< Rp 1.000.000,Pelajar,Rp 50.001 - Rp 100.000,Xiaomi,2,1,5,5,3,4,3
2019/09/28 8:07:19 AM GMT+7,Rp 1.000.001 - Rp 2.000.000,Karyawan Swasta,0 - Rp 50.000,Xiaomi,3,3,5,3,3,2,1
2019/09/28 8:08:24 AM GMT+7,Rp 1.000.001 - Rp 2.000.000,Karyawan Swasta,Rp 50.001 - Rp 100.000,Samsung,2,2,4,4,4,2,1
2019/09/28 8:11:43 AM GMT+7,< Rp 1.000.000,Pelajar,Rp 100.001 - Rp 200.000,Oppo,1,3,5,4,3,3,1
2019/09/28 8:17:30 AM GMT+7,Rp 5.000.001 - Rp 10.000.000,Karyawan Swasta,Rp 200.001 - Rp 500.000,Samsung,1,5,5,4,3,3,3
2019/09/28 8:19:20 AM GMT+7,Rp 1.000.001 - Rp 2.000.000,Karyawan Swasta,Rp 50.001 - Rp 100.000,LG,1,1,3,2,1,1,1
2019/09/28 8:19:44 AM GMT+7,Rp 3.000.001 - Rp 5.000.000,Wiraswasta / Pedagang,Rp 200.001 - Rp 500.000,Samsung,1,2,5,2,4,4,3
2019/09/28 8:20:32 AM GMT+7,> Rp 10.000.001,PNS / BUMN / Pegawai Pemerintah,Rp 100.001 - Rp 200.000,Xiaomi,1,3,5,5,2,2,1
2019/09/28 8:21:20 AM GMT+7,Rp 2.000.001 - Rp 3.000.000,Karyawan Swasta,Rp 50.001 - Rp 100.000,Huawei,2,1,3,3,2,3,3
2019/09/28 8:22:42 AM GMT+7,Rp 5.000.001 - Rp 10.000.000,PNS / BUMN / Pegawai Pemerintah,Rp 100.001 - Rp 200.000,iPhone,1,1,3,5,3,5,5
2019/09/28 8:23:54 AM GMT+7,Rp 2.000.001 - Rp 3.000.000,Guru atau dosen,0 - Rp 50.000,Xiaomi,1,2,4,3,1,2,1
2019/09/28 8:24:44 AM GMT+7,Rp 2.000.001 - Rp 3.000.000,Karyawan Swasta,Rp 50.001 - Rp 100.000,Xiaomi,1,2,5,5,3,3,1
2019/09/28 8:25:29 AM GMT+7,Rp 3.000.001 - Rp 5.000.000,Ibu Rumah Tangga,0 - Rp 50.000,Xiaomi,1,1,4,3,1,3,5
2019/09/28 8:27:59 AM GMT+7,> Rp 10.000.001,Karyawan Swasta,Rp 200.001 - Rp 500.000,Asus,1,1,5,2,1,1,1
2019/09/28 8:28:01 AM GMT+7,Rp 5.000.001 - Rp 10.000.000,Pekerja Medis (Dokter / Bidan / Apoteker / Perawat),Rp 100.001 - Rp 200.000,Selain di atas,1,1,1,3,1,1,1
2019/09/28 8:28:29 AM GMT+7,Rp 5.000.001 - Rp 10.000.000,PNS / BUMN / Pegawai Pemerintah,Rp 100.001 - Rp 200.000,Samsung,1,4,5,3,1,2,1
2019/09/28 8:29:18 AM GMT+7,> Rp 10.000.001,Karyawan Swasta,Rp 100.001 - Rp 200.000,Samsung,1,4,5,4,2,2,2
2019/09/28 8:30:09 AM GMT+7,Rp 5.000.001 - Rp 10.000.000,Karyawan Swasta,> Rp 500.001,Nokia,1,4,3,2,1,2,1
2019/09/28 8:35:32 AM GMT+7,> Rp 10.000.001,Karyawan Swasta,0 - Rp 50.000,Xiaomi,1,4,4,2,3,2,1
2019/09/28 8:36:03 AM GMT+7,Rp 2.000.001 - Rp 3.000.000,Karyawan Swasta,Rp 200.001 - Rp 500.000,SONY,4,2,3,5,3,3,1
2019/09/28 8:37:38 AM GMT+7,> Rp 10.000.001,Karyawan Swasta,Rp 100.001 - Rp 200.000,Asus,1,5,1,3,2,1,1
2019/09/28 8:42:22 AM GMT+7,Rp 5.000.001 - Rp 10.000.000,Karyawan Swasta,Rp 200.001 - Rp 500.000,iPhone,4,3,5,4,1,1,1
2019/09/28 8:49:23 AM GMT+7,> Rp 10.000.001,Peneliti,> Rp 500.001,Samsung,1,2,5,4,3,3,1
2019/09/28 8:49:33 AM GMT+7,> Rp 10.000.001,Guru atau dosen,> Rp 500.001,Samsung,1,5,2,2,1,1,1
2019/09/28 8:49:44 AM GMT+7,Rp 1.000.001 - Rp 2.000.000,Guru atau dosen,Rp 50.001 - Rp 100.000,Oppo,1,2,4,3,2,3,1
2019/09/28 8:52:03 AM GMT+7,Rp 3.000.001 - Rp 5.000.000,Guru atau dosen,Rp 50.001 - Rp 100.000,Samsung,1,3,1,3,1,3,1
2019/09/28 8:52:31 AM GMT+7,> Rp 10.000.001,PNS / BUMN / Pegawai Pemerintah,Rp 200.001 - Rp 500.000,Xiaomi,1,4,4,4,3,2,1
2019/09/28 8:58:52 AM GMT+7,Rp 5.000.001 - Rp 10.000.000,Ibu Rumah Tangga,Rp 100.001 - Rp 200.000,Xiaomi,1,3,4,4,3,3,2
2019/09/28 8:59:22 AM GMT+7,Rp 3.000.001 - Rp 5.000.000,Karyawan Swasta,Rp 50.001 - Rp 100.000,Samsung,1,2,1,3,2,2,2
2019/09/28 9:00:58 AM GMT+7,Rp 3.000.001 - Rp 5.000.000,Karyawan Swasta,Rp 200.001 - Rp 500.000,Xiaomi,4,4,3,4,4,4,1
2019/09/28 9:09:32 AM GMT+7,> Rp 10.000.001,Karyawan Swasta,Rp 50.001 - Rp 100.000,iPhone,5,5,5,5,1,3,1
2019/09/28 9:10:58 AM GMT+7,Rp 2.000.001 - Rp 3.000.000,Guru atau dosen,Rp 50.001 - Rp 100.000,Vivo,1,3,3,5,3,1,1
2019/09/28 9:16:46 AM GMT+7,< Rp 1.000.000,Pekerja Lepas / Freelancer,0 - Rp 50.000,Samsung,1,1,2,2,3,2,1
2019/09/28 9:23:14 AM GMT+7,Rp 5.000.001 - Rp 10.000.000,PNS / BUMN / Pegawai Pemerintah,Rp 200.001 - Rp 500.000,Asus,1,3,4,2,2,3,1
2019/09/28 9:38:00 AM GMT+7,Rp 3.000.001 - Rp 5.000.000,Ibu Rumah Tangga,Rp 50.001 - Rp 100.000,Xiaomi,1,2,3,4,3,3,2
2019/09/28 9:41:38 AM GMT+7,Rp 2.000.001 - Rp 3.000.000,Ibu Rumah Tangga,Rp 100.001 - Rp 200.000,Vivo,2,1,5,4,3,5,1
2019/09/28 9:42:00 AM GMT+7,> Rp 10.000.001,Karyawan Swasta,Rp 50.001 - Rp 100.000,Xiaomi,1,2,2,2,1,1,1
2019/09/28 9:44:45 AM GMT+7,Rp 3.000.001 - Rp 5.000.000,Karyawan Swasta,Rp 50.001 - Rp 100.000,Vivo,1,2,5,3,3,3,1
2019/09/28 9:46:52 AM GMT+7,Rp 5.000.001 - Rp 10.000.000,Karyawan Swasta,Rp 50.001 - Rp 100.000,Xiaomi,1,4,3,2,2,2,1
2019/09/28 9:48:49 AM GMT+7,Rp 5.000.001 - Rp 10.000.000,PNS / BUMN / Pegawai Pemerintah,Rp 50.001 - Rp 100.000,Samsung,1,3,5,3,5,2,1
2019/09/28 9:49:52 AM GMT+7,Rp 2.000.001 - Rp 3.000.000,Karyawan Swasta,0 - Rp 50.000,Samsung,1,4,2,4,1,3,1
2019/09/28 10:00:14 AM GMT+7,Rp 1.000.001 - Rp 2.000.000,Guru atau dosen,Rp 50.001 - Rp 100.000,Selain di atas,1,2,3,4,2,2,1
2019/09/28 10:03:54 AM GMT+7,Rp 2.000.001 - Rp 3.000.000,Karyawan Honorer,Rp 100.001 - Rp 200.000,Samsung,1,2,3,4,2,2,1
2019/09/28 10:08:37 AM GMT+7,Rp 5.000.001 - Rp 10.000.000,Wiraswasta / Pedagang,Rp 100.001 - Rp 200.000,Samsung,4,3,4,3,3,1,1
2019/09/28 10:11:10 AM GMT+7,Rp 5.000.001 - Rp 10.000.000,Karyawan Swasta,Rp 100.001 - Rp 200.000,Vivo,1,2,5,5,4,5,5
2019/09/28 10:12:17 AM GMT+7,> Rp 10.000.001,Wiraswasta / Pedagang,Rp 200.001 - Rp 500.000,Samsung,1,1,2,3,1,1,3
2019/09/28 10:15:50 AM GMT+7,Rp 3.000.001 - Rp 5.000.000,Karyawan Swasta,Rp 100.001 - Rp 200.000,Samsung,2,5,5,3,1,1,1
2019/09/28 10:18:29 AM GMT+7,> Rp 10.000.001,Guru atau dosen,Rp 50.001 - Rp 100.000,Samsung,1,3,2,5,1,2,1
2019/09/28 10:18:44 AM GMT+7,Rp 3.000.001 - Rp 5.000.000,Peneliti,Rp 50.001 - Rp 100.000,Xiaomi,1,3,4,3,1,3,1
2019/09/28 10:21:17 AM GMT+7,> Rp 10.000.001,Karyawan Swasta,Rp 200.001 - Rp 500.000,Xiaomi,1,5,3,4,1,3,1
2019/09/28 10:35:16 AM GMT+7,> Rp 10.000.001,Karyawan Swasta,Rp 100.001 - Rp 200.000,Samsung,1,5,3,5,5,3,1
2019/09/28 10:39:23 AM GMT+7,Rp 5.000.001 - Rp 10.000.000,Wiraswasta / Pedagang,Rp 50.001 - Rp 100.000,Selain di atas,1,2,2,2,1,1,1
2019/09/28 10:50:19 AM GMT+7,< Rp 1.000.000,Tidak bekerja,Rp 100.001 - Rp 200.000,Nokia,1,1,5,1,1,5,1
2019/09/28 10:57:01 AM GMT+7,< Rp 1.000.000,Pelajar,Rp 50.001 - Rp 100.000,Xiaomi,1,3,5,4,4,4,2
2019/09/28 10:58:02 AM GMT+7,> Rp 10.000.001,Karyawan Swasta,Rp 100.001 - Rp 200.000,Huawei,2,2,4,3,2,2,1
2019/09/28 11:06:29 AM GMT+7,Rp 3.000.001 - Rp 5.000.000,Karyawan Swasta,Rp 100.001 - Rp 200.000,Realme,1,3,4,3,3,3,1
2019/09/28 11:07:12 AM GMT+7,< Rp 1.000.000,Pelajar,0 - Rp 50.000,Samsung,1,1,4,3,3,4,1
2019/09/28 11:10:03 AM GMT+7,> Rp 10.000.001,Karyawan Swasta,Rp 200.001 - Rp 500.000,iPhone,1,4,5,3,2,4,1
2019/09/28 11:20:17 AM GMT+7,Rp 5.000.001 - Rp 10.000.000,PNS / BUMN / Pegawai Pemerintah,Rp 100.001 - Rp 200.000,Samsung,1,2,5,5,3,3,4
2019/09/28 11:24:14 AM GMT+7,> Rp 10.000.001,Pelajar,Rp 200.001 - Rp 500.000,Asus,1,4,4,1,1,1,1
2019/09/28 11:28:32 AM GMT+7,Rp 3.000.001 - Rp 5.000.000,Karyawan Swasta,Rp 50.001 - Rp 100.000,Nokia,2,2,4,2,2,1,2
2019/09/28 11:46:48 AM GMT+7,< Rp 1.000.000,Pelajar,0 - Rp 50.000,Xiaomi,1,5,4,3,1,3,3
2019/09/28 11:47:57 AM GMT+7,Rp 2.000.001 - Rp 3.000.000,PNS / BUMN / Pegawai Pemerintah,Rp 50.001 - Rp 100.000,Asus,1,3,4,5,1,3,2
2019/09/28 11:47:59 AM GMT+7,Rp 3.000.001 - Rp 5.000.000,Pekerja Medis (Dokter / Bidan / Apoteker / Perawat),Rp 50.001 - Rp 100.000,Samsung,3,3,4,3,4,3,2
2019/09/28 11:52:33 AM GMT+7,> Rp 10.000.001,Guru atau dosen,Rp 50.001 - Rp 100.000,Samsung,1,4,4,3,3,2,4
2019/09/28 12:18:48 PM GMT+7,Rp 2.000.001 - Rp 3.000.000,Karyawan Honorer,Rp 100.001 - Rp 200.000,LG,1,2,5,2,1,2,2
2019/09/28 12:26:05 PM GMT+7,Rp 5.000.001 - Rp 10.000.000,PNS / BUMN / Pegawai Pemerintah,Rp 50.001 - Rp 100.000,Xiaomi,3,2,3,2,2,2,1
2019/09/28 12:58:37 PM GMT+7,> Rp 10.000.001,PNS / BUMN / Pegawai Pemerintah,Rp 100.001 - Rp 200.000,iPhone,1,2,4,4,2,1,5
2019/09/28 1:17:38 PM GMT+7,Rp 5.000.001 - Rp 10.000.000,PNS / BUMN / Pegawai Pemerintah,Rp 200.001 - Rp 500.000,Xiaomi,3,2,4,5,3,3,1
2019/09/28 1:22:15 PM GMT+7,Rp 5.000.001 - Rp 10.000.000,Karyawan Swasta,Rp 50.001 - Rp 100.000,Vivo,1,4,2,4,2,1,1
2019/09/28 1:37:53 PM GMT+7,Rp 3.000.001 - Rp 5.000.000,Wiraswasta / Pedagang,Rp 100.001 - Rp 200.000,Oppo,1,3,4,4,2,1,1
2019/09/28 1:55:38 PM GMT+7,Rp 5.000.001 - Rp 10.000.000,PNS / BUMN / Pegawai Pemerintah,Rp 100.001 - Rp 200.000,Samsung,1,3,5,4,1,1,1
2019/09/28 2:12:46 PM GMT+7,> Rp 10.000.001,Pekerja Lepas / Freelancer,Rp 50.001 - Rp 100.000,Xiaomi,1,2,4,2,2,1,1
2019/09/28 2:31:19 PM GMT+7,Rp 3.000.001 - Rp 5.000.000,Karyawan Swasta,0 - Rp 50.000,Samsung,1,1,3,3,1,2,1
2019/09/28 3:00:07 PM GMT+7,Rp 5.000.001 - Rp 10.000.000,Karyawan Swasta,0 - Rp 50.000,Xiaomi,1,1,3,3,2,3,1
2019/09/28 3:07:38 PM GMT+7,Rp 2.000.001 - Rp 3.000.000,Guru atau dosen,Rp 50.001 - Rp 100.000,Oppo,1,1,5,3,4,3,2
2019/09/28 3:22:28 PM GMT+7,Rp 5.000.001 - Rp 10.000.000,Karyawan Swasta,Rp 50.001 - Rp 100.000,Oppo,4,1,1,2,1,3,1
2019/09/28 3:30:54 PM GMT+7,Rp 3.000.001 - Rp 5.000.000,PNS / BUMN / Pegawai Pemerintah,Rp 50.001 - Rp 100.000,Samsung,1,4,1,3,3,1,1
2019/09/28 3:34:14 PM GMT+7,Rp 2.000.001 - Rp 3.000.000,Guru atau dosen,Rp 100.001 - Rp 200.000,Xiaomi,1,2,5,2,5,2,1
2019/09/28 3:43:01 PM GMT+7,Rp 5.000.001 - Rp 10.000.000,PNS / BUMN / Pegawai Pemerintah,Rp 100.001 - Rp 200.000,Xiaomi,2,1,4,5,2,2,1
2019/09/28 3:52:05 PM GMT+7,Rp 5.000.001 - Rp 10.000.000,Karyawan Swasta,Rp 100.001 - Rp 200.000,Samsung,1,4,4,2,2,2,1
2019/09/28 4:36:40 PM GMT+7,Rp 5.000.001 - Rp 10.000.000,Karyawan Swasta,Rp 50.001 - Rp 100.000,Samsung,1,2,1,1,3,2,1
2019/09/28 4:47:33 PM GMT+7,Rp 2.000.001 - Rp 3.000.000,Guru atau dosen,0 - Rp 50.000,iPhone,1,3,4,1,1,1,1
2019/09/28 4:56:32 PM GMT+7,Rp 3.000.001 - Rp 5.000.000,Karyawan Swasta,Rp 50.001 - Rp 100.000,Xiaomi,1,3,5,4,2,2,1
2019/09/28 5:02:12 PM GMT+7,Rp 1.000.001 - Rp 2.000.000,Karyawan Honorer,Rp 50.001 - Rp 100.000,Samsung,1,1,2,4,3,3,2
2019/09/28 5:08:10 PM GMT+7,Rp 3.000.001 - Rp 5.000.000,Karyawan Swasta,Rp 50.001 - Rp 100.000,Samsung,1,2,1,1,1,1,1
2019/09/28 5:10:08 PM GMT+7,Rp 5.000.001 - Rp 10.000.000,Karyawan Swasta,Rp 100.001 - Rp 200.000,Xiaomi,1,1,4,3,1,1,1
2019/09/28 5:12:09 PM GMT+7,Rp 3.000.001 - Rp 5.000.000,Guru atau dosen,Rp 100.001 - Rp 200.000,Xiaomi,1,2,5,4,2,2,1
2019/09/28 5:13:06 PM GMT+7,Rp 3.000.001 - Rp 5.000.000,Polisi atau TNI,Rp 100.001 - Rp 200.000,Xiaomi,3,3,4,4,1,2,1
2019/09/28 5:17:05 PM GMT+7,Rp 2.000.001 - Rp 3.000.000,Karyawan Honorer,Rp 50.001 - Rp 100.000,Samsung,1,1,2,3,3,3,3
2019/09/28 5:44:41 PM GMT+7,< Rp 1.000.000,Pelajar,Rp 50.001 - Rp 100.000,Xiaomi,2,4,5,1,5,5,1
2019/09/28 5:48:27 PM GMT+7,> Rp 10.000.001,Karyawan Swasta,Rp 200.001 - Rp 500.000,Oppo,2,2,5,5,1,3,1
2019/09/28 5:51:08 PM GMT+7,Rp 5.000.001 - Rp 10.000.000,Karyawan Swasta,0 - Rp 50.000,Vivo,1,2,2,4,1,3,4
2019/09/28 5:59:44 PM GMT+7,Rp 5.000.001 - Rp 10.000.000,PNS / BUMN / Pegawai Pemerintah,Rp 100.001 - Rp 200.000,Xiaomi,1,2,3,2,1,1,1
2019/09/28 6:04:52 PM GMT+7,> Rp 10.000.001,Pekerja Medis (Dokter / Bidan / Apoteker / Perawat),Rp 200.001 - Rp 500.000,iPhone,1,2,3,3,2,2,1
2019/09/28 6:21:48 PM GMT+7,> Rp 10.000.001,Karyawan Swasta,Rp 200.001 - Rp 500.000,Oppo,1,1,5,3,2,1,2
2019/09/28 6:31:53 PM GMT+7,Rp 3.000.001 - Rp 5.000.000,Pekerja Medis (Dokter / Bidan / Apoteker / Perawat),Rp 50.001 - Rp 100.000,Samsung,1,3,5,4,4,3,1
2019/09/28 6:31:58 PM GMT+7,Rp 3.000.001 - Rp 5.000.000,Wiraswasta / Pedagang,Rp 50.001 - Rp 100.000,Oppo,1,2,5,3,1,1,2
2019/09/28 6:34:09 PM GMT+7,Rp 1.000.001 - Rp 2.000.000,Pelajar,Rp 200.001 - Rp 500.000,iPhone,1,3,5,5,3,3,1
2019/09/28 6:35:38 PM GMT+7,Rp 3.000.001 - Rp 5.000.000,Guru atau dosen,Rp 50.001 - Rp 100.000,Xiaomi,1,2,2,3,1,3,1
2019/09/28 6:41:45 PM GMT+7,Rp 3.000.001 - Rp 5.000.000,Ibu Rumah Tangga,Rp 50.001 - Rp 100.000,Samsung,1,2,5,4,3,3,1
2019/09/28 6:45:31 PM GMT+7,Rp 3.000.001 - Rp 5.000.000,PNS / BUMN / Pegawai Pemerintah,0 - Rp 50.000,Nokia,1,2,2,2,3,3,2
2019/09/28 7:02:09 PM GMT+7,Rp 5.000.001 - Rp 10.000.000,Karyawan Swasta,Rp 100.001 - Rp 200.000,Xiaomi,1,1,5,2,2,3,1
2019/09/28 7:06:59 PM GMT+7,Rp 1.000.001 - Rp 2.000.000,Pekerja Medis (Dokter / Bidan / Apoteker / Perawat),Rp 100.001 - Rp 200.000,Samsung,4,1,3,1,2,3,2
2019/09/28 7:15:57 PM GMT+7,Rp 3.000.001 - Rp 5.000.000,Karyawan Swasta,Rp 50.001 - Rp 100.000,Samsung,1,5,5,1,2,5,1
2019/09/28 7:33:14 PM GMT+7,Rp 5.000.001 - Rp 10.000.000,PNS / BUMN / Pegawai Pemerintah,Rp 100.001 - Rp 200.000,Xiaomi,1,3,3,1,1,2,1
2019/09/28 7:37:29 PM GMT+7,Rp 2.000.001 - Rp 3.000.000,Karyawan Swasta,Rp 50.001 - Rp 100.000,Huawei,5,1,2,1,5,1,1
2019/09/28 7:44:24 PM GMT+7,Rp 3.000.001 - Rp 5.000.000,Karyawan Swasta,Rp 50.001 - Rp 100.000,Oppo,1,2,5,5,2,4,1
2019/09/28 7:51:08 PM GMT+7,> Rp 10.000.001,Karyawan Swasta,Rp 100.001 - Rp 200.000,Selain di atas,2,3,4,3,2,2,2
2019/09/28 7:51:23 PM GMT+7,> Rp 10.000.001,Karyawan Swasta,> Rp 500.001,Samsung,2,4,4,2,1,1,1
2019/09/28 7:51:42 PM GMT+7,Rp 2.000.001 - Rp 3.000.000,PNS / BUMN / Pegawai Pemerintah,Rp 50.001 - Rp 100.000,Asus,1,2,5,5,2,2,2
2019/09/28 8:00:26 PM GMT+7,> Rp 10.000.001,PNS / BUMN / Pegawai Pemerintah,Rp 50.001 - Rp 100.000,Oppo,1,2,3,4,1,2,1
2019/09/28 8:00:45 PM GMT+7,Rp 1.000.001 - Rp 2.000.000,Karyawan Swasta,Rp 50.001 - Rp 100.000,Samsung,1,2,2,3,3,3,1
2019/09/28 8:01:10 PM GMT+7,Rp 3.000.001 - Rp 5.000.000,Karyawan Honorer,Rp 50.001 - Rp 100.000,Xiaomi,1,2,5,3,3,4,1
2019/09/28 8:14:25 PM GMT+7,Rp 1.000.001 - Rp 2.000.000,Ibu Rumah Tangga,Rp 50.001 - Rp 100.000,Samsung,1,1,5,2,1,3,1
2019/09/28 8:14:56 PM GMT+7,Rp 5.000.001 - Rp 10.000.000,Karyawan Swasta,Rp 100.001 - Rp 200.000,Xiaomi,1,3,4,2,1,3,1
2019/09/28 8:21:08 PM GMT+7,< Rp 1.000.000,Pelajar,Rp 100.001 - Rp 200.000,iPhone,5,2,4,3,2,5,4
2019/09/28 8:21:09 PM GMT+7,< Rp 1.000.000,Pelajar,Rp 50.001 - Rp 100.000,Samsung,2,1,3,3,1,1,1
2019/09/28 8:23:27 PM GMT+7,< Rp 1.000.000,Pelajar,Rp 50.001 - Rp 100.000,Selain di atas,3,1,4,4,2,5,1
2019/09/28 8:25:28 PM GMT+7,> Rp 10.000.001,Karyawan Swasta,Rp 100.001 - Rp 200.000,Asus,1,1,5,1,5,3,1
2019/09/28 8:50:19 PM GMT+7,Rp 3.000.001 - Rp 5.000.000,Karyawan Swasta,Rp 100.001 - Rp 200.000,Xiaomi,1,2,4,2,3,3,1
2019/09/28 9:12:58 PM GMT+7,< Rp 1.000.000,Pelajar,Rp 50.001 - Rp 100.000,iPhone,1,2,3,1,4,5,1
2019/09/28 9:27:01 PM GMT+7,Rp 5.000.001 - Rp 10.000.000,Ibu Rumah Tangga,Rp 200.001 - Rp 500.000,iPhone,2,3,3,3,3,4,2
2019/09/28 9:33:55 PM GMT+7,> Rp 10.000.001,PNS / BUMN / Pegawai Pemerintah,Rp 100.001 - Rp 200.000,Samsung,1,3,4,4,1,1,1
2019/09/28 10:01:27 PM GMT+7,Rp 5.000.001 - Rp 10.000.000,PNS / BUMN / Pegawai Pemerintah,Rp 50.001 - Rp 100.000,Asus,1,4,5,3,2,3,1
2019/09/29 1:00:16 AM GMT+7,Rp 5.000.001 - Rp 10.000.000,Karyawan Swasta,Rp 200.001 - Rp 500.000,Xiaomi,5,4,4,4,4,3,1
2019/09/29 4:29:38 AM GMT+7,Rp 5.000.001 - Rp 10.000.000,Karyawan Swasta,Rp 50.001 - Rp 100.000,Xiaomi,1,1,4,1,1,1,1
2019/09/29 5:45:05 AM GMT+7,Rp 1.000.001 - Rp 2.000.000,Guru atau dosen,Rp 50.001 - Rp 100.000,Vivo,1,1,5,4,3,3,2
2019/09/29 5:48:59 AM GMT+7,Rp 3.000.001 - Rp 5.000.000,Ibu Rumah Tangga,Rp 100.001 - Rp 200.000,Oppo,1,1,5,2,2,4,2
2019/09/29 5:56:23 AM GMT+7,> Rp 10.000.001,Pekerja Lepas / Freelancer,Rp 50.001 - Rp 100.000,Xiaomi,1,3,3,1,1,1,1
2019/09/29 7:57:32 AM GMT+7,Rp 5.000.001 - Rp 10.000.000,Karyawan Swasta,Rp 200.001 - Rp 500.000,Samsung,1,3,1,2,2,2,1
2019/09/29 8:00:49 AM GMT+7,Rp 5.000.001 - Rp 10.000.000,Pekerja Medis (Dokter / Bidan / Apoteker / Perawat),Rp 50.001 - Rp 100.000,iPhone,1,2,5,4,1,1,3
2019/09/29 9:28:32 AM GMT+7,Rp 3.000.001 - Rp 5.000.000,Guru atau dosen,Rp 50.001 - Rp 100.000,iPhone,1,2,4,4,2,2,1
2019/09/29 9:43:50 AM GMT+7,Rp 1.000.001 - Rp 2.000.000,Guru atau dosen,Rp 100.001 - Rp 200.000,Xiaomi,1,5,5,2,4,4,5
2019/09/29 9:59:42 AM GMT+7,Rp 5.000.001 - Rp 10.000.000,Polisi atau TNI,Rp 100.001 - Rp 200.000,iPhone,1,3,3,1,1,1,1
2019/09/29 10:31:11 AM GMT+7,> Rp 10.000.001,Karyawan Swasta,0 - Rp 50.000,Samsung,1,3,5,4,2,1,1
2019/09/29 10:33:38 AM GMT+7,Rp 1.000.001 - Rp 2.000.000,Ibu Rumah Tangga,Rp 50.001 - Rp 100.000,iPhone,2,2,4,4,2,2,2
2019/09/29 10:34:13 AM GMT+7,Rp 1.000.001 - Rp 2.000.000,Ibu Rumah Tangga,Rp 50.001 - Rp 100.000,iPhone,2,2,4,4,2,2,2
2019/09/29 11:05:43 AM GMT+7,Rp 3.000.001 - Rp 5.000.000,PNS / BUMN / Pegawai Pemerintah,Rp 50.001 - Rp 100.000,Xiaomi,1,1,5,5,1,1,1
2019/09/29 11:19:46 AM GMT+7,Rp 2.000.001 - Rp 3.000.000,Wiraswasta / Pedagang,0 - Rp 50.000,Xiaomi,1,1,2,3,3,3,2
2019/09/29 11:51:54 AM GMT+7,Rp 3.000.001 - Rp 5.000.000,Karyawan Swasta,Rp 200.001 - Rp 500.000,Oppo,5,2,5,4,1,3,5
2019/09/29 12:03:42 PM GMT+7,> Rp 10.000.001,Karyawan Swasta,Rp 200.001 - Rp 500.000,Xiaomi,5,3,3,4,3,4,2
2019/09/29 12:06:15 PM GMT+7,Rp 5.000.001 - Rp 10.000.000,Karyawan Swasta,Rp 50.001 - Rp 100.000,Samsung,1,2,5,3,3,4,3
2019/09/29 12:11:32 PM GMT+7,Rp 5.000.001 - Rp 10.000.000,Karyawan Swasta,Rp 100.001 - Rp 200.000,Xiaomi,3,3,1,5,1,1,1
2019/09/29 1:59:51 PM GMT+7,Rp 5.000.001 - Rp 10.000.000,Pekerja Lepas / Freelancer,Rp 50.001 - Rp 100.000,Vivo,5,3,5,5,1,2,1
2019/09/29 2:39:21 PM GMT+7,Rp 3.000.001 - Rp 5.000.000,Guru atau dosen,0 - Rp 50.000,Oppo,1,1,1,3,3,3,1
2019/09/29 4:01:50 PM GMT+7,> Rp 10.000.001,Karyawan Swasta,Rp 50.001 - Rp 100.000,Samsung,1,3,4,4,2,2,1
2019/09/29 4:46:09 PM GMT+7,Rp 2.000.001 - Rp 3.000.000,Pekerja Medis (Dokter / Bidan / Apoteker / Perawat),0 - Rp 50.000,Asus,1,2,2,3,4,4,1
2019/09/29 5:11:58 PM GMT+7,Rp 5.000.001 - Rp 10.000.000,Karyawan Swasta,Rp 200.001 - Rp 500.000,Samsung,1,2,5,5,1,3,1
2019/09/29 5:52:42 PM GMT+7,Rp 3.000.001 - Rp 5.000.000,Pekerja Lepas / Freelancer,Rp 100.001 - Rp 200.000,Samsung,1,5,5,1,1,1,1
2019/09/29 11:57:18 PM GMT+7,< Rp 1.000.000,Pelajar,0 - Rp 50.000,Xiaomi,3,1,1,2,5,4,3
2019/09/30 6:45:15 AM GMT+7,Rp 5.000.001 - Rp 10.000.000,Karyawan Swasta,Rp 100.001 - Rp 200.000,Samsung,2,2,5,3,2,2,1
2019/09/30 7:31:34 AM GMT+7,Rp 5.000.001 - Rp 10.000.000,Karyawan Swasta,Rp 200.001 - Rp 500.000,Samsung,1,4,3,4,1,1,1
2019/09/30 8:14:21 AM GMT+7,Rp 3.000.001 - Rp 5.000.000,Ibu Rumah Tangga,Rp 50.001 - Rp 100.000,Oppo,1,2,3,3,2,3,1
2019/09/30 10:12:47 AM GMT+7,> Rp 10.000.001,Pekerja Lepas / Freelancer,Rp 100.001 - Rp 200.000,Vivo,3,3,3,5,3,3,2
2019/09/30 10:17:06 AM GMT+7,> Rp 10.000.001,PNS / BUMN / Pegawai Pemerintah,> Rp 500.001,Samsung,2,3,3,4,2,3,2
2019/09/30 6:18:53 PM GMT+7,< Rp 1.000.000,Wiraswasta / Pedagang,Rp 50.001 - Rp 100.000,Xiaomi,1,2,5,3,5,5,2
2019/09/30 6:26:19 PM GMT+7,Rp 5.000.001 - Rp 10.000.000,Karyawan Swasta,Rp 50.001 - Rp 100.000,iPhone,1,1,3,5,2,1,1
2019/09/30 6:34:48 PM GMT+7,Rp 5.000.001 - Rp 10.000.000,PNS / BUMN / Pegawai Pemerintah,Rp 100.001 - Rp 200.000,Samsung,2,1,4,3,2,3,1
2019/09/30 6:35:14 PM GMT+7,Rp 2.000.001 - Rp 3.000.000,PNS / BUMN / Pegawai Pemerintah,Rp 50.001 - Rp 100.000,Samsung,2,2,2,2,2,2,1
2019/09/30 6:35:21 PM GMT+7,Rp 2.000.001 - Rp 3.000.000,PNS / BUMN / Pegawai Pemerintah,Rp 50.001 - Rp 100.000,Samsung,2,2,2,2,2,2,1
2019/09/30 6:35:26 PM GMT+7,Rp 2.000.001 - Rp 3.000.000,PNS / BUMN / Pegawai Pemerintah,Rp 50.001 - Rp 100.000,Samsung,2,2,2,2,2,2,1
2019/09/30 6:36:53 PM GMT+7,< Rp 1.000.000,Guru atau dosen,Rp 100.001 - Rp 200.000,Oppo,1,1,4,3,3,3,1
2019/09/30 6:43:29 PM GMT+7,Rp 1.000.001 - Rp 2.000.000,Pelajar,0 - Rp 50.000,Oppo,3,2,4,4,2,3,2
2019/09/30 6:45:12 PM GMT+7,< Rp 1.000.000,Pelajar,Rp 50.001 - Rp 100.000,iPhone,1,3,4,4,5,2,1
2019/09/30 6:48:32 PM GMT+7,< Rp 1.000.000,Pelajar,0 - Rp 50.000,Xiaomi,1,1,3,3,3,4,2
2019/09/30 6:49:45 PM GMT+7,< Rp 1.000.000,Karyawan Swasta,Rp 50.001 - Rp 100.000,Oppo,1,1,4,5,2,4,1
2019/09/30 7:09:54 PM GMT+7,Rp 3.000.001 - Rp 5.000.000,Ibu Rumah Tangga,Rp 100.001 - Rp 200.000,Samsung,2,3,4,4,3,2,2
2019/09/30 7:25:01 PM GMT+7,> Rp 10.000.001,Karyawan Swasta,Rp 100.001 - Rp 200.000,Xiaomi,2,2,5,5,1,1,1
2019/09/30 7:25:03 PM GMT+7,Rp 5.000.001 - Rp 10.000.000,Karyawan Swasta,Rp 50.001 - Rp 100.000,Samsung,5,1,5,5,1,1,1
2019/09/30 7:26:24 PM GMT+7,> Rp 10.000.001,Karyawan Swasta,Rp 100.001 - Rp 200.000,Xiaomi,2,3,5,5,3,3,1
2019/09/30 7:27:19 PM GMT+7,Rp 5.000.001 - Rp 10.000.000,Karyawan Swasta,Rp 50.001 - Rp 100.000,Realme,3,3,4,3,5,3,2
2019/09/30 7:28:23 PM GMT+7,Rp 5.000.001 - Rp 10.000.000,Karyawan Swasta,Rp 200.001 - Rp 500.000,Samsung,1,1,5,4,1,3,1
2019/09/30 7:29:16 PM GMT+7,Rp 5.000.001 - Rp 10.000.000,PNS / BUMN / Pegawai Pemerintah,Rp 50.001 - Rp 100.000,Huawei,2,2,2,4,2,2,1
2019/09/30 7:32:02 PM GMT+7,Rp 5.000.001 - Rp 10.000.000,Karyawan Swasta,Rp 200.001 - Rp 500.000,Samsung,1,4,3,4,3,3,1
2019/09/30 7:33:25 PM GMT+7,> Rp 10.000.001,Karyawan Swasta,Rp 100.001 - Rp 200.000,Samsung,2,3,3,2,1,2,1
2019/09/30 7:35:36 PM GMT+7,Rp 5.000.001 - Rp 10.000.000,Karyawan Swasta,Rp 200.001 - Rp 500.000,Xiaomi,4,3,4,5,3,3,1
2019/09/30 7:39:23 PM GMT+7,Rp 5.000.001 - Rp 10.000.000,Guru atau dosen,Rp 200.001 - Rp 500.000,Samsung,3,1,2,1,2,4,1
2019/09/30 7:39:53 PM GMT+7,Rp 5.000.001 - Rp 10.000.000,Guru atau dosen,Rp 200.001 - Rp 500.000,Samsung,3,1,2,1,2,4,1
2019/09/30 7:41:20 PM GMT+7,Rp 5.000.001 - Rp 10.000.000,Guru atau dosen,Rp 200.001 - Rp 500.000,Samsung,2,1,5,2,4,5,2
2019/09/30 7:48:01 PM GMT+7,Rp 5.000.001 - Rp 10.000.000,PNS / BUMN / Pegawai Pemerintah,Rp 50.001 - Rp 100.000,Samsung,1,2,4,3,2,2,1
2019/09/30 7:50:56 PM GMT+7,Rp 5.000.001 - Rp 10.000.000,Karyawan Swasta,Rp 100.001 - Rp 200.000,Samsung,1,1,5,5,5,3,2
2019/09/30 7:53:02 PM GMT+7,> Rp 10.000.001,PNS / BUMN / Pegawai Pemerintah,Rp 100.001 - Rp 200.000,iPhone,1,5,5,3,2,2,1
2019/09/30 7:55:43 PM GMT+7,Rp 5.000.001 - Rp 10.000.000,PNS / BUMN / Pegawai Pemerintah,Rp 200.001 - Rp 500.000,Oppo,4,2,2,4,2,2,1
2019/09/30 7:56:34 PM GMT+7,> Rp 10.000.001,Buruh,Rp 50.001 - Rp 100.000,Xiaomi,4,3,4,5,3,3,1
2019/09/30 7:59:06 PM GMT+7,Rp 5.000.001 - Rp 10.000.000,PNS / BUMN / Pegawai Pemerintah,Rp 100.001 - Rp 200.000,Nokia,2,5,4,3,3,3,1
2019/09/30 8:00:25 PM GMT+7,< Rp 1.000.000,Karyawan Swasta,Rp 50.001 - Rp 100.000,Xiaomi,3,5,3,3,4,5,5
2019/09/30 8:03:59 PM GMT+7,Rp 5.000.001 - Rp 10.000.000,PNS / BUMN / Pegawai Pemerintah,Rp 50.001 - Rp 100.000,Motorola,2,2,5,4,2,3,1
2019/09/30 8:04:21 PM GMT+7,Rp 5.000.001 - Rp 10.000.000,Karyawan Swasta,Rp 100.001 - Rp 200.000,Asus,1,2,4,3,3,3,1
2019/09/30 8:04:48 PM GMT+7,Rp 2.000.001 - Rp 3.000.000,Karyawan Swasta,Rp 100.001 - Rp 200.000,Samsung,1,4,5,4,3,1,1
2019/09/30 8:10:05 PM GMT+7,< Rp 1.000.000,Tidak bekerja,Rp 100.001 - Rp 200.000,Oppo,2,1,1,3,2,3,1
2019/09/30 8:11:08 PM GMT+7,Rp 2.000.001 - Rp 3.000.000,Wiraswasta / Pedagang,Rp 50.001 - Rp 100.000,Vivo,1,2,5,1,5,2,1
2019/09/30 8:13:27 PM GMT+7,Rp 5.000.001 - Rp 10.000.000,Karyawan Honorer,Rp 50.001 - Rp 100.000,Samsung,1,4,4,3,3,2,1
2019/09/30 8:15:58 PM GMT+7,< Rp 1.000.000,Pekerja Lepas / Freelancer,Rp 50.001 - Rp 100.000,Xiaomi,1,1,3,4,4,5,1
2019/09/30 8:16:02 PM GMT+7,> Rp 10.000.001,PNS / BUMN / Pegawai Pemerintah,Rp 100.001 - Rp 200.000,Xiaomi,1,2,3,4,3,3,2
2019/09/30 8:18:08 PM GMT+7,> Rp 10.000.001,PNS / BUMN / Pegawai Pemerintah,Rp 200.001 - Rp 500.000,iPhone,1,3,5,1,2,1,1
2019/09/30 8:19:46 PM GMT+7,Rp 2.000.001 - Rp 3.000.000,PNS / BUMN / Pegawai Pemerintah,Rp 50.001 - Rp 100.000,Asus,1,2,5,3,1,2,1
2019/09/30 8:19:56 PM GMT+7,> Rp 10.000.001,PNS / BUMN / Pegawai Pemerintah,Rp 200.001 - Rp 500.000,iPhone,3,4,2,3,5,5,2
2019/09/30 8:23:27 PM GMT+7,Rp 5.000.001 - Rp 10.000.000,PNS / BUMN / Pegawai Pemerintah,Rp 50.001 - Rp 100.000,Samsung,3,2,2,2,3,3,1
2019/09/30 8:25:14 PM GMT+7,Rp 5.000.001 - Rp 10.000.000,Karyawan Swasta,Rp 200.001 - Rp 500.000,Vivo,1,3,5,5,3,3,3
2019/09/30 8:25:40 PM GMT+7,Rp 5.000.001 - Rp 10.000.000,Karyawan Swasta,Rp 50.001 - Rp 100.000,LG,2,1,5,4,2,4,1
2019/09/30 8:27:30 PM GMT+7,Rp 2.000.001 - Rp 3.000.000,Guru atau dosen,Rp 50.001 - Rp 100.000,Xiaomi,1,4,4,4,5,2,1
2019/09/30 8:27:42 PM GMT+7,Rp 3.000.001 - Rp 5.000.000,PNS / BUMN / Pegawai Pemerintah,Rp 100.001 - Rp 200.000,Realme,1,3,1,3,3,4,2
2019/09/30 8:31:37 PM GMT+7,> Rp 10.000.001,PNS / BUMN / Pegawai Pemerintah,Rp 100.001 - Rp 200.000,Selain di atas,1,3,1,3,1,1,1
2019/09/30 8:33:08 PM GMT+7,Rp 1.000.001 - Rp 2.000.000,PNS / BUMN / Pegawai Pemerintah,0 - Rp 50.000,Xiaomi,1,2,3,4,2,2,1
2019/09/30 8:34:32 PM GMT+7,Rp 3.000.001 - Rp 5.000.000,Polisi atau TNI,Rp 50.001 - Rp 100.000,Oppo,1,2,3,1,1,1,1
2019/09/30 8:35:10 PM GMT+7,Rp 2.000.001 - Rp 3.000.000,Karyawan Swasta,Rp 100.001 - Rp 200.000,Oppo,1,1,5,2,5,4,1
2019/09/30 8:44:22 PM GMT+7,Rp 3.000.001 - Rp 5.000.000,PNS / BUMN / Pegawai Pemerintah,Rp 200.001 - Rp 500.000,Vivo,1,3,5,3,1,3,1
2019/09/30 9:06:23 PM GMT+7,< Rp 1.000.000,Karyawan Honorer,Rp 50.001 - Rp 100.000,Xiaomi,1,1,3,3,2,3,1
2019/09/30 9:10:02 PM GMT+7,Rp 5.000.001 - Rp 10.000.000,Karyawan Swasta,Rp 50.001 - Rp 100.000,Samsung,3,3,5,5,2,2,5
2019/09/30 9:14:07 PM GMT+7,Rp 3.000.001 - Rp 5.000.000,Guru atau dosen,Rp 50.001 - Rp 100.000,Oppo,1,2,2,5,5,5,3
2019/09/30 9:18:51 PM GMT+7,< Rp 1.000.000,Ibu Rumah Tangga,0 - Rp 50.000,Xiaomi,3,2,4,3,1,3,3
2019/09/30 9:22:37 PM GMT+7,Rp 2.000.001 - Rp 3.000.000,Karyawan Swasta,Rp 50.001 - Rp 100.000,Xiaomi,1,2,5,3,4,4,1
2019/09/30 9:25:49 PM GMT+7,< Rp 1.000.000,Tidak bekerja,Rp 50.001 - Rp 100.000,Oppo,1,2,3,2,4,4,1
2019/09/30 9:26:33 PM GMT+7,Rp 5.000.001 - Rp 10.000.000,Ibu Rumah Tangga,Rp 50.001 - Rp 100.000,Asus,2,2,4,3,1,1,1
2019/09/30 9:30:30 PM GMT+7,Rp 3.000.001 - Rp 5.000.000,Karyawan Swasta,Rp 200.001 - Rp 500.000,iPhone,2,5,5,3,3,3,1
2019/09/30 10:41:47 PM GMT+7,> Rp 10.000.001,Karyawan Swasta,> Rp 500.001,iPhone,1,4,5,5,4,1,1
2019/09/30 11:16:47 PM GMT+7,< Rp 1.000.000,Pelajar,0 - Rp 50.000,Xiaomi,1,5,5,1,1,1,1
2019/09/30 11:32:08 PM GMT+7,Rp 5.000.001 - Rp 10.000.000,PNS / BUMN / Pegawai Pemerintah,Rp 100.001 - Rp 200.000,Samsung,1,5,3,5,2,2,2
2019/10/01 1:04:41 AM GMT+7,Rp 5.000.001 - Rp 10.000.000,Karyawan Swasta,Rp 100.001 - Rp 200.000,Samsung,5,4,3,2,2,1,1
2019/10/01 3:07:30 AM GMT+7,Rp 3.000.001 - Rp 5.000.000,PNS / BUMN / Pegawai Pemerintah,Rp 200.001 - Rp 500.000,Samsung,1,4,4,1,5,4,1
2019/10/01 4:22:08 AM GMT+7,Rp 3.000.001 - Rp 5.000.000,PNS / BUMN / Pegawai Pemerintah,Rp 50.001 - Rp 100.000,Asus,1,5,2,2,1,2,1
2019/10/01 4:22:20 AM GMT+7,> Rp 10.000.001,Ibu Rumah Tangga,Rp 50.001 - Rp 100.000,Realme,1,1,2,1,1,1,1
2019/10/01 6:14:35 AM GMT+7,> Rp 10.000.001,PNS / BUMN / Pegawai Pemerintah,Rp 50.001 - Rp 100.000,Samsung,1,5,5,3,3,3,2
2019/10/01 6:16:32 AM GMT+7,< Rp 1.000.000,Ibu Rumah Tangga,0 - Rp 50.000,iPhone,1,2,3,4,1,2,1
2019/10/01 6:21:12 AM GMT+7,< Rp 1.000.000,Pelajar,Rp 50.001 - Rp 100.000,Xiaomi,1,1,5,4,1,2,2
2019/10/01 6:22:16 AM GMT+7,< Rp 1.000.000,Tidak bekerja,0 - Rp 50.000,Samsung,1,1,1,4,5,5,1
2019/10/01 6:29:50 AM GMT+7,Rp 3.000.001 - Rp 5.000.000,Buruh,Rp 50.001 - Rp 100.000,Xiaomi,1,2,2,3,1,1,1
2019/10/01 6:42:10 AM GMT+7,< Rp 1.000.000,Wiraswasta / Pedagang,Rp 50.001 - Rp 100.000,Xiaomi,1,2,1,4,3,3,1
2019/10/01 6:57:56 AM GMT+7,Rp 1.000.001 - Rp 2.000.000,Tidak bekerja,Rp 50.001 - Rp 100.000,Motorola,2,1,4,5,2,3,2
2019/10/01 7:04:49 AM GMT+7,> Rp 10.000.001,PNS / BUMN / Pegawai Pemerintah,Rp 100.001 - Rp 200.000,Samsung,1,3,4,4,2,2,1
2019/10/01 7:09:34 AM GMT+7,Rp 3.000.001 - Rp 5.000.000,Wiraswasta / Pedagang,Rp 100.001 - Rp 200.000,Samsung,1,3,4,3,3,3,3
2019/10/01 7:10:43 AM GMT+7,Rp 5.000.001 - Rp 10.000.000,Ibu Rumah Tangga,Rp 100.001 - Rp 200.000,Samsung,3,1,5,5,3,1,1
2019/10/01 7:10:44 AM GMT+7,Rp 5.000.001 - Rp 10.000.000,Wiraswasta / Pedagang,Rp 100.001 - Rp 200.000,Samsung,1,2,1,1,1,2,1
2019/10/01 7:16:50 AM GMT+7,Rp 5.000.001 - Rp 10.000.000,Karyawan Swasta,Rp 100.001 - Rp 200.000,Xiaomi,2,2,3,3,4,4,2
2019/10/01 7:19:09 AM GMT+7,> Rp 10.000.001,PNS / BUMN / Pegawai Pemerintah,Rp 200.001 - Rp 500.000,Oppo,4,4,5,4,2,2,2
2019/10/01 7:20:17 AM GMT+7,Rp 3.000.001 - Rp 5.000.000,Ibu Rumah Tangga,Rp 100.001 - Rp 200.000,Oppo,1,3,4,4,2,2,1
2019/10/01 7:20:25 AM GMT+7,Rp 5.000.001 - Rp 10.000.000,Karyawan Swasta,0 - Rp 50.000,Xiaomi,1,3,5,3,2,2,1
2019/10/01 7:31:46 AM GMT+7,Rp 5.000.001 - Rp 10.000.000,PNS / BUMN / Pegawai Pemerintah,Rp 100.001 - Rp 200.000,Vivo,2,3,3,3,2,4,1
2019/10/01 7:33:10 AM GMT+7,< Rp 1.000.000,Ibu Rumah Tangga,Rp 50.001 - Rp 100.000,Xiaomi,3,3,5,3,3,5,1
2019/10/01 7:56:40 AM GMT+7,< Rp 1.000.000,Pekerja Lepas / Freelancer,Rp 100.001 - Rp 200.000,iPhone,1,1,5,5,5,5,1
2019/10/01 8:02:15 AM GMT+7,Rp 5.000.001 - Rp 10.000.000,PNS / BUMN / Pegawai Pemerintah,Rp 100.001 - Rp 200.000,Vivo,1,2,4,5,3,2,1
2019/10/01 8:07:14 AM GMT+7,> Rp 10.000.001,Karyawan Swasta,Rp 50.001 - Rp 100.000,Xiaomi,1,3,5,4,1,1,1
2019/10/01 8:16:41 AM GMT+7,Rp 5.000.001 - Rp 10.000.000,PNS / BUMN / Pegawai Pemerintah,Rp 100.001 - Rp 200.000,iPhone,3,2,4,4,1,1,1
2019/10/01 8:17:20 AM GMT+7,Rp 1.000.001 - Rp 2.000.000,Karyawan Honorer,Rp 50.001 - Rp 100.000,Xiaomi,2,2,3,3,3,4,2
2019/10/01 8:21:26 AM GMT+7,Rp 5.000.001 - Rp 10.000.000,PNS / BUMN / Pegawai Pemerintah,Rp 50.001 - Rp 100.000,Nokia,1,4,4,4,2,2,2
2019/10/01 8:37:14 AM GMT+7,Rp 5.000.001 - Rp 10.000.000,PNS / BUMN / Pegawai Pemerintah,Rp 200.001 - Rp 500.000,Xiaomi,1,2,5,5,2,5,1
2019/10/01 8:41:53 AM GMT+7,Rp 3.000.001 - Rp 5.000.000,Karyawan Swasta,Rp 100.001 - Rp 200.000,Oppo,1,5,3,2,1,3,1
2019/10/01 8:45:09 AM GMT+7,Rp 2.000.001 - Rp 3.000.000,Karyawan Swasta,Rp 200.001 - Rp 500.000,Oppo,2,5,5,1,1,1,1
2019/10/01 8:50:01 AM GMT+7,Rp 2.000.001 - Rp 3.000.000,Karyawan Swasta,Rp 100.001 - Rp 200.000,Samsung,3,1,4,3,3,3,1
2019/10/01 9:05:05 AM GMT+7,> Rp 10.000.001,PNS / BUMN / Pegawai Pemerintah,Rp 50.001 - Rp 100.000,iPhone,1,2,5,3,1,2,1
2019/10/01 9:05:33 AM GMT+7,Rp 5.000.001 - Rp 10.000.000,PNS / BUMN / Pegawai Pemerintah,Rp 200.001 - Rp 500.000,Asus,1,1,5,4,4,4,1
2019/10/01 9:07:35 AM GMT+7,Rp 1.000.001 - Rp 2.000.000,Karyawan Swasta,Rp 50.001 - Rp 100.000,Vivo,1,3,3,1,1,1,1
2019/10/01 9:31:58 AM GMT+7,Rp 2.000.001 - Rp 3.000.000,Karyawan Swasta,0 - Rp 50.000,Oppo,1,2,1,1,2,3,2
2019/10/01 9:36:58 AM GMT+7,Rp 2.000.001 - Rp 3.000.000,Karyawan Swasta,0 - Rp 50.000,Oppo,3,3,3,5,2,5,1
2019/10/01 9:45:30 AM GMT+7,< Rp 1.000.000,Tidak bekerja,Rp 50.001 - Rp 100.000,Samsung,2,1,3,2,4,5,1
2019/10/01 9:54:11 AM GMT+7,Rp 5.000.001 - Rp 10.000.000,Karyawan Swasta,Rp 200.001 - Rp 500.000,Xiaomi,3,4,5,4,4,4,2
2019/10/01 9:56:32 AM GMT+7,Rp 3.000.001 - Rp 5.000.000,Wiraswasta / Pedagang,Rp 50.001 - Rp 100.000,Samsung,3,2,5,4,2,1,1
2019/10/01 10:22:03 AM GMT+7,Rp 1.000.001 - Rp 2.000.000,Pekerja Lepas / Freelancer,Rp 50.001 - Rp 100.000,Selain di atas,1,1,1,1,1,1,1
2019/10/01 11:32:12 AM GMT+7,Rp 3.000.001 - Rp 5.000.000,Karyawan Swasta,Rp 50.001 - Rp 100.000,iPhone,1,4,5,1,1,1,1
2019/10/01 12:00:21 PM GMT+7,> Rp 10.000.001,Karyawan Swasta,0 - Rp 50.000,Xiaomi,2,2,3,4,1,1,1
2019/10/01 12:10:38 PM GMT+7,Rp 3.000.001 - Rp 5.000.000,PNS / BUMN / Pegawai Pemerintah,Rp 50.001 - Rp 100.000,Samsung,1,3,4,3,2,2,1
2019/10/01 12:52:31 PM GMT+7,Rp 5.000.001 - Rp 10.000.000,Karyawan Swasta,Rp 50.001 - Rp 100.000,Asus,2,4,4,4,2,2,1
2019/10/01 1:06:46 PM GMT+7,< Rp 1.000.000,Tidak bekerja,0 - Rp 50.000,Samsung,1,1,5,1,2,2,1
2019/10/01 2:47:53 PM GMT+7,Rp 3.000.001 - Rp 5.000.000,Karyawan Honorer,Rp 50.001 - Rp 100.000,Samsung,1,2,4,3,3,2,2
2019/10/01 4:18:10 PM GMT+7,Rp 5.000.001 - Rp 10.000.000,Karyawan Swasta,Rp 200.001 - Rp 500.000,iPhone,1,2,4,3,4,4,2
2019/10/01 4:21:32 PM GMT+7,> Rp 10.000.001,Karyawan Swasta,Rp 200.001 - Rp 500.000,Samsung,1,3,3,4,3,3,1
2019/10/01 4:22:18 PM GMT+7,Rp 5.000.001 - Rp 10.000.000,Karyawan Swasta,Rp 200.001 - Rp 500.000,Samsung,1,1,4,3,3,3,1
2019/10/01 4:23:02 PM GMT+7,Rp 5.000.001 - Rp 10.000.000,PNS / BUMN / Pegawai Pemerintah,Rp 200.001 - Rp 500.000,Asus,3,3,4,4,2,3,1
2019/10/01 4:23:22 PM GMT+7,> Rp 10.000.001,Wiraswasta / Pedagang,Rp 200.001 - Rp 500.000,Samsung,1,4,4,5,2,1,1
2019/10/01 4:24:12 PM GMT+7,Rp 5.000.001 - Rp 10.000.000,PNS / BUMN / Pegawai Pemerintah,Rp 200.001 - Rp 500.000,Vivo,1,3,3,3,2,2,1
2019/10/01 4:24:20 PM GMT+7,> Rp 10.000.001,PNS / BUMN / Pegawai Pemerintah,Rp 200.001 - Rp 500.000,Samsung,2,4,5,3,1,1,1
2019/10/01 4:24:28 PM GMT+7,Rp 5.000.001 - Rp 10.000.000,PNS / BUMN / Pegawai Pemerintah,Rp 200.001 - Rp 500.000,Samsung,1,4,5,5,2,5,1
2019/10/01 4:37:06 PM GMT+7,Rp 5.000.001 - Rp 10.000.000,Karyawan Swasta,Rp 100.001 - Rp 200.000,Samsung,2,2,4,4,2,3,4
2019/10/01 4:38:18 PM GMT+7,Rp 3.000.001 - Rp 5.000.000,Karyawan Swasta,Rp 100.001 - Rp 200.000,Xiaomi,1,3,2,3,3,2,1
2019/10/01 4:48:24 PM GMT+7,Rp 5.000.001 - Rp 10.000.000,Karyawan Swasta,Rp 200.001 - Rp 500.000,iPhone,4,1,2,1,1,1,1
2019/10/01 4:52:31 PM GMT+7,Rp 2.000.001 - Rp 3.000.000,Karyawan Swasta,Rp 50.001 - Rp 100.000,Xiaomi,1,2,5,4,3,3,1
2019/10/01 4:52:57 PM GMT+7,Rp 2.000.001 - Rp 3.000.000,Karyawan Swasta,Rp 50.001 - Rp 100.000,Xiaomi,1,2,5,4,3,3,1
2019/10/01 5:37:27 PM GMT+7,Rp 3.000.001 - Rp 5.000.000,PNS / BUMN / Pegawai Pemerintah,Rp 50.001 - Rp 100.000,Samsung,1,2,3,3,1,1,1
2019/10/01 7:47:30 PM GMT+7,Rp 5.000.001 - Rp 10.000.000,Karyawan Swasta,Rp 100.001 - Rp 200.000,Asus,5,5,5,5,1,1,1
2019/10/01 7:53:14 PM GMT+7,Rp 2.000.001 - Rp 3.000.000,Guru atau dosen,Rp 50.001 - Rp 100.000,Samsung,1,1,5,1,3,2,1
2019/10/01 7:55:25 PM GMT+7,Rp 2.000.001 - Rp 3.000.000,Ibu Rumah Tangga,Rp 50.001 - Rp 100.000,Asus,1,3,4,5,1,2,1
2019/10/01 8:52:51 PM GMT+7,Rp 3.000.001 - Rp 5.000.000,Karyawan Swasta,Rp 50.001 - Rp 100.000,Xiaomi,1,3,4,1,1,1,1
2019/10/02 7:16:41 AM GMT+7,Rp 3.000.001 - Rp 5.000.000,Karyawan Swasta,Rp 50.001 - Rp 100.000,Oppo,2,3,5,2,2,1,1
2019/10/02 5:41:48 PM GMT+7,Rp 3.000.001 - Rp 5.000.000,Karyawan Swasta,0 - Rp 50.000,Asus,1,1,1,2,1,2,1
2019/10/02 7:14:38 PM GMT+7,Rp 5.000.001 - Rp 10.000.000,PNS / BUMN / Pegawai Pemerintah,Rp 50.001 - Rp 100.000,Selain di atas,3,3,4,2,2,2,2
2019/10/02 9:04:26 PM GMT+7,Rp 1.000.001 - Rp 2.000.000,Wiraswasta / Pedagang,Rp 50.001 - Rp 100.000,Xiaomi,1,1,5,4,3,3,1
2019/10/02 9:39:29 PM GMT+7,> Rp 10.000.001,Ibu Rumah Tangga,Rp 50.001 - Rp 100.000,Xiaomi,1,2,1,2,1,1,1
2019/10/03 8:41:32 AM GMT+7,< Rp 1.000.000,Tidak bekerja,0 - Rp 50.000,Samsung,1,1,4,4,3,3,1
2019/10/03 9:45:16 PM GMT+7,Rp 3.000.001 - Rp 5.000.000,Karyawan Swasta,Rp 50.001 - Rp 100.000,Samsung,2,3,4,4,1,1,1
2019/10/04 10:43:54 AM GMT+7,< Rp 1.000.000,Karyawan Honorer,0 - Rp 50.000,Samsung,1,1,1,1,1,1,1
2019/10/05 5:23:23 AM GMT+7,Rp 1.000.001 - Rp 2.000.000,PNS / BUMN / Pegawai Pemerintah,Rp 50.001 - Rp 100.000,Xiaomi,1,1,4,3,1,1,1
2019/10/05 10:00:16 AM GMT+7,Rp 5.000.001 - Rp 10.000.000,Guru atau dosen,Rp 200.001 - Rp 500.000,Oppo,1,1,3,1,1,2,1
2019/10/05 10:02:50 AM GMT+7,Rp 3.000.001 - Rp 5.000.000,Guru atau dosen,Rp 50.001 - Rp 100.000,Asus,1,3,4,3,2,3,1
2019/10/05 10:03:43 AM GMT+7,Rp 2.000.001 - Rp 3.000.000,Guru atau dosen,Rp 50.001 - Rp 100.000,Oppo,3,4,4,4,3,3,1
2019/10/05 10:04:06 AM GMT+7,Rp 2.000.001 - Rp 3.000.000,Guru atau dosen,Rp 50.001 - Rp 100.000,Vivo,1,2,4,4,2,2,1
2019/10/05 10:07:24 AM GMT+7,Rp 5.000.001 - Rp 10.000.000,PNS / BUMN / Pegawai Pemerintah,Rp 200.001 - Rp 500.000,Oppo,1,2,5,3,2,3,1
2019/10/05 10:10:02 AM GMT+7,Rp 3.000.001 - Rp 5.000.000,Guru atau dosen,Rp 50.001 - Rp 100.000,Oppo,2,2,3,4,3,4,1
2019/10/05 10:18:10 AM GMT+7,Rp 3.000.001 - Rp 5.000.000,Guru atau dosen,Rp 100.001 - Rp 200.000,Xiaomi,4,2,5,5,3,2,4
2019/10/05 10:23:26 AM GMT+7,Rp 3.000.001 - Rp 5.000.000,PNS / BUMN / Pegawai Pemerintah,Rp 50.001 - Rp 100.000,Xiaomi,1,1,4,4,3,3,1
2019/10/05 10:41:09 AM GMT+7,Rp 3.000.001 - Rp 5.000.000,PNS / BUMN / Pegawai Pemerintah,Rp 100.001 - Rp 200.000,Asus,1,1,5,2,2,2,1
2019/10/05 11:19:08 AM GMT+7,< Rp 1.000.000,Tidak bekerja,Rp 200.001 - Rp 500.000,Xiaomi,2,1,5,4,5,5,1
2019/10/05 11:19:29 AM GMT+7,Rp 1.000.001 - Rp 2.000.000,Pelajar,Rp 50.001 - Rp 100.000,Oppo,1,2,4,4,2,2,1
2019/10/05 11:20:56 AM GMT+7,Rp 5.000.001 - Rp 10.000.000,Karyawan Swasta,Rp 50.001 - Rp 100.000,Realme,4,1,4,5,2,5,3
2019/10/05 11:23:19 AM GMT+7,Rp 5.000.001 - Rp 10.000.000,PNS / BUMN / Pegawai Pemerintah,Rp 100.001 - Rp 200.000,iPhone,1,1,5,1,1,1,1
2019/10/05 11:27:57 AM GMT+7,Rp 2.000.001 - Rp 3.000.000,Pelajar,Rp 50.001 - Rp 100.000,iPhone,1,4,5,5,1,3,2
2019/10/05 11:28:28 AM GMT+7,Rp 5.000.001 - Rp 10.000.000,Karyawan Swasta,Rp 50.001 - Rp 100.000,Xiaomi,2,3,4,3,3,3,1
2019/10/05 11:29:16 AM GMT+7,> Rp 10.000.001,Guru atau dosen,Rp 50.001 - Rp 100.000,Samsung,1,2,4,4,2,2,1
2019/10/05 11:31:07 AM GMT+7,Rp 5.000.001 - Rp 10.000.000,PNS / BUMN / Pegawai Pemerintah,Rp 100.001 - Rp 200.000,Samsung,2,1,5,2,1,4,1
2019/10/05 11:32:12 AM GMT+7,Rp 2.000.001 - Rp 3.000.000,Guru atau dosen,Rp 100.001 - Rp 200.000,Oppo,3,3,3,3,4,3,1
2019/10/05 11:33:46 AM GMT+7,Rp 1.000.001 - Rp 2.000.000,PNS / BUMN / Pegawai Pemerintah,0 - Rp 50.000,Samsung,1,1,2,3,3,2,1
2019/10/05 11:35:22 AM GMT+7,Rp 2.000.001 - Rp 3.000.000,PNS / BUMN / Pegawai Pemerintah,Rp 50.001 - Rp 100.000,Xiaomi,1,1,5,4,3,3,1
2019/10/05 11:36:56 AM GMT+7,Rp 2.000.001 - Rp 3.000.000,Guru atau dosen,Rp 100.001 - Rp 200.000,iPhone,1,2,3,5,3,3,1
2019/10/05 12:04:33 PM GMT+7,Rp 5.000.001 - Rp 10.000.000,Karyawan Swasta,Rp 50.001 - Rp 100.000,Xiaomi,1,2,4,3,2,3,1
2019/10/05 12:10:38 PM GMT+7,Rp 5.000.001 - Rp 10.000.000,Karyawan Swasta,Rp 100.001 - Rp 200.000,Xiaomi,5,2,2,5,3,3,1
2019/10/05 12:26:56 PM GMT+7,Rp 3.000.001 - Rp 5.000.000,Wiraswasta / Pedagang,Rp 50.001 - Rp 100.000,Asus,1,1,5,5,2,2,2
2019/10/05 1:28:08 PM GMT+7,Rp 1.000.001 - Rp 2.000.000,Wiraswasta / Pedagang,0 - Rp 50.000,Xiaomi,1,1,4,3,2,3,1
2019/10/05 1:29:23 PM GMT+7,Rp 5.000.001 - Rp 10.000.000,Karyawan Swasta,Rp 50.001 - Rp 100.000,SONY,2,2,4,3,2,2,2
2019/10/05 1:46:47 PM GMT+7,Rp 5.000.001 - Rp 10.000.000,PNS / BUMN / Pegawai Pemerintah,Rp 50.001 - Rp 100.000,Oppo,1,3,4,2,2,2,1
2019/10/05 2:12:18 PM GMT+7,< Rp 1.000.000,Ibu Rumah Tangga,Rp 50.001 - Rp 100.000,Xiaomi,1,3,3,1,1,1,1
2019/10/05 3:51:28 PM GMT+7,Rp 5.000.001 - Rp 10.000.000,Karyawan Swasta,Rp 50.001 - Rp 100.000,Xiaomi,5,5,5,5,1,2,1
2019/10/05 7:58:24 PM GMT+7,Rp 1.000.001 - Rp 2.000.000,Guru atau dosen,0 - Rp 50.000,Samsung,1,1,1,2,1,1,1
2019/10/05 7:58:41 PM GMT+7,Rp 5.000.001 - Rp 10.000.000,Karyawan Swasta,Rp 100.001 - Rp 200.000,Samsung,3,3,4,2,3,2,2
2019/10/05 8:13:51 PM GMT+7,> Rp 10.000.001,PNS / BUMN / Pegawai Pemerintah,Rp 50.001 - Rp 100.000,iPhone,1,2,2,3,1,1,1
2019/10/05 8:28:37 PM GMT+7,Rp 5.000.001 - Rp 10.000.000,Pekerja Medis (Dokter / Bidan / Apoteker / Perawat),Rp 100.001 - Rp 200.000,Samsung,1,2,5,5,3,3,1
2019/10/05 8:32:27 PM GMT+7,Rp 3.000.001 - Rp 5.000.000,Pekerja Medis (Dokter / Bidan / Apoteker / Perawat),Rp 50.001 - Rp 100.000,LG,1,2,5,5,4,5,5
2019/10/05 8:53:05 PM GMT+7,Rp 5.000.001 - Rp 10.000.000,Pekerja Medis (Dokter / Bidan / Apoteker / Perawat),Rp 100.001 - Rp 200.000,Asus,1,4,5,3,2,4,1
2019/10/05 9:00:21 PM GMT+7,Rp 5.000.001 - Rp 10.000.000,Pekerja Medis (Dokter / Bidan / Apoteker / Perawat),Rp 200.001 - Rp 500.000,iPhone,1,3,3,4,1,1,1
2019/10/05 9:20:53 PM GMT+7,Rp 2.000.001 - Rp 3.000.000,Guru atau dosen,Rp 50.001 - Rp 100.000,Xiaomi,2,1,3,3,1,1,3
2019/10/05 9:26:48 PM GMT+7,Rp 2.000.001 - Rp 3.000.000,Karyawan Swasta,Rp 50.001 - Rp 100.000,Xiaomi,3,4,4,2,2,2,2
2019/10/05 9:31:09 PM GMT+7,Rp 3.000.001 - Rp 5.000.000,Pekerja Medis (Dokter / Bidan / Apoteker / Perawat),Rp 100.001 - Rp 200.000,Samsung,1,4,5,1,1,1,1
2019/10/05 10:20:49 PM GMT+7,> Rp 10.000.001,Karyawan Swasta,> Rp 500.001,Samsung,2,1,5,4,3,2,1
2019/10/05 11:24:39 PM GMT+7,Rp 3.000.001 - Rp 5.000.000,Karyawan Swasta,Rp 100.001 - Rp 200.000,Oppo,2,1,5,5,5,3,1
2019/10/05 11:31:37 PM GMT+7,Rp 3.000.001 - Rp 5.000.000,Pekerja Medis (Dokter / Bidan / Apoteker / Perawat),Rp 100.001 - Rp 200.000,Samsung,1,1,5,1,4,2,1
2019/10/06 1:31:23 AM GMT+7,Rp 5.000.001 - Rp 10.000.000,PNS / BUMN / Pegawai Pemerintah,Rp 100.001 - Rp 200.000,Nokia,2,1,4,3,2,2,1
2019/10/06 8:18:19 AM GMT+7,< Rp 1.000.000,Pelajar,Rp 50.001 - Rp 100.000,Samsung,1,1,1,3,1,3,1
2019/10/06 9:15:25 AM GMT+7,Rp 5.000.001 - Rp 10.000.000,PNS / BUMN / Pegawai Pemerintah,Rp 100.001 - Rp 200.000,Samsung,1,3,5,3,1,1,1
2019/10/06 9:24:52 AM GMT+7,Rp 3.000.001 - Rp 5.000.000,Karyawan Swasta,Rp 50.001 - Rp 100.000,Oppo,2,2,3,1,1,1,1
2019/10/06 11:32:01 AM GMT+7,Rp 5.000.001 - Rp 10.000.000,Pekerja Medis (Dokter / Bidan / Apoteker / Perawat),Rp 100.001 - Rp 200.000,Samsung,1,2,4,2,1,2,1
2019/10/07 9:45:50 AM GMT+7,Rp 5.000.001 - Rp 10.000.000,Karyawan Swasta,Rp 50.001 - Rp 100.000,Xiaomi,1,1,3,5,1,1,1
